uid,ratings,priceLevel,displayName,description,status,openPeriods,createTime,notes,tags,location.latitude,location.longitude,brand.displayName,nextCloseTime,postcode,city,exclude_by_tag
4d080f94-f282-42a8-931e-0db8f0f13d50,"{'average': 4.6, 'total': 0}",1,"Lotek, Pecel, Dan Ayam Shabrina, Mlati",,1,"[{'day': 7, 'startTime': {'hours': 7, 'minutes': 30, 'seconds': 0, 'nanos': 0}, 'endTime': {'hours': 15, 'minutes': 30, 'seconds': 0, 'nanos': 0}}, {'day': 1, 'startTime': {'hours': 8, 'minutes': 30, 'seconds': 0, 'nanos': 0}, 'endTime': {'hours': 19, 'minutes': 30, 'seconds': 0, 'nanos': 0}}, {'day': 2, 'startTime': {'hours': 8, 'minutes': 30, 'seconds': 0, 'nanos': 0}, 'endTime': {'hours': 19, 'minutes': 30, 'seconds': 0, 'nanos': 0}}, {'day': 3, 'startTime': {'hours': 8, 'minutes': 30, 'seconds': 0, 'nanos': 0}, 'endTime': {'hours': 19, 'minutes': 30, 'seconds': 0, 'nanos': 0}}, {'day': 4, 'startTime': {'hours': 8, 'minutes': 30, 'seconds': 0, 'nanos': 0}, 'endTime': {'hours': 19, 'minutes': 30, 'seconds': 0, 'nanos': 0}}, {'day': 5, 'startTime': {'hours': 8, 'minutes': 30, 'seconds': 0, 'nanos': 0}, 'endTime': {'hours': 11, 'minutes': 30, 'seconds': 0, 'nanos': 0}}, {'day': 5, 'startTime': {'hours': 12, 'minutes': 30, 'seconds': 0, 'nanos': 0}, 'endTime': {'hours': 19, 'minutes': 30, 'seconds': 0, 'nanos': 0}}, {'day': 6, 'startTime': {'hours': 8, 'minutes': 0, 'seconds': 0, 'nanos': 0}, 'endTime': {'hours': 19, 'minutes': 30, 'seconds': 0, 'nanos': 0}}]",2020-05-09T21:12:22.095Z,,"[{'key': 'tenants/gofood/tags/CUISINE_ANEKA_NASI', 'tenantUid': 'gofood', 'uid': 'CUISINE_ANEKA_NASI', 'displayName': 'Aneka nasi', 'description': '', 'taxonomy': 2, 'parentKey': ''}, {'key': 'tenants/gofood/tags/CUISINE_ANEKA_AYAM_BEBEK', 'tenantUid': 'gofood', 'uid': 'CUISINE_ANEKA_AYAM_BEBEK', 'displayName': 'Ayam & bebek', 'description': '', 'taxonomy': 2, 'parentKey': ''}, {'key': 'tenants/gofood/tags/CUISINE_MINUMAN', 'tenantUid': 'gofood', 'uid': 'CUISINE_MINUMAN', 'displayName': 'Minuman', 'description': '', 'taxonomy': 2, 'parentKey': ''}]",-7.754755,110.35607,"Warung Shabrina, Sinduadi",2023-11-19T08:30:00.000Z,55291.0, Kabupaten Sleman,False
d1ff6634-aee5-4bba-8a5d-b707f07baeb4,"{'average': 4.7, 'total': 0}",3,"Gudeg Yu Djum, Ngaglik",,1,"[{'day': 1, 'startTime': {'hours': 6, 'minutes': 0, 'seconds': 0, 'nanos': 0}, 'endTime': {'hours': 21, 'minutes': 0, 'seconds': 0, 'nanos': 0}}, {'day': 2, 'startTime': {'hours': 6, 'minutes': 0, 'seconds': 0, 'nanos': 0}, 'endTime': {'hours': 21, 'minutes': 0, 'seconds': 0, 'nanos': 0}}, {'day': 3, 'startTime': {'hours': 6, 'minutes': 0, 'seconds': 0, 'nanos': 0}, 'endTime': {'hours': 21, 'minutes': 0, 'seconds': 0, 'nanos': 0}}, {'day': 4, 'startTime': {'hours': 6, 'minutes': 0, 'seconds': 0, 'nanos': 0}, 'endTime': {'hours': 21, 'minutes': 0, 'seconds': 0, 'nanos': 0}}, {'day': 5, 'startTime': {'hours': 6, 'minutes': 0, 'seconds': 0, 'nanos': 0}, 'endTime': {'hours': 21, 'minutes': 0, 'seconds': 0, 'nanos': 0}}, {'day': 6, 'startTime': {'hours': 6, 'minutes': 0, 'seconds': 0, 'nanos': 0}, 'endTime': {'hours': 21, 'minutes': 0, 'seconds': 0, 'nanos': 0}}, {'day': 7, 'startTime': {'hours': 6, 'minutes': 0, 'seconds': 0, 'nanos': 0}, 'endTime': {'hours': 21, 'minutes': 0, 'seconds': 0, 'nanos': 0}}]",2020-08-10T10:44:22.978Z,,"[{'key': 'tenants/gofood/tags/CUISINE_ANEKA_NASI', 'tenantUid': 'gofood', 'uid': 'CUISINE_ANEKA_NASI', 'displayName': 'Aneka nasi', 'description': '', 'taxonomy': 2, 'parentKey': ''}]",-7.731322,110.380884,"Gudeg Yu Djum, Mbarek",2023-11-19T14:00:00.000Z,55285.0, Kabupaten Sleman,False
74c9c8ee-d4ff-48e7-94fa-3821137a4fca,"{'average': 4.6, 'total': 0}",1,"Lotek & Gado-Gado Bu Nur, Palagan",,1,"[{'day': 1, 'startTime': {'hours': 9, 'minutes': 0, 'seconds': 0, 'nanos': 0}, 'endTime': {'hours': 16, 'minutes': 0, 'seconds': 0, 'nanos': 0}}, {'day': 2, 'startTime': {'hours': 9, 'minutes': 0, 'seconds': 0, 'nanos': 0}, 'endTime': {'hours': 16, 'minutes': 0, 'seconds': 0, 'nanos': 0}}, {'day': 3, 'startTime': {'hours': 9, 'minutes': 0, 'seconds': 0, 'nanos': 0}, 'endTime': {'hours': 16, 'minutes': 0, 'seconds': 0, 'nanos': 0}}, {'day': 4, 'startTime': {'hours': 9, 'minutes': 0, 'seconds': 0, 'nanos': 0}, 'endTime': {'hours': 16, 'minutes': 0, 'seconds': 0, 'nanos': 0}}, {'day': 5, 'startTime': {'hours': 9, 'minutes': 0, 'seconds': 0, 'nanos': 0}, 'endTime': {'hours': 16, 'minutes': 0, 'seconds': 0, 'nanos': 0}}, {'day': 6, 'startTime': {'hours': 9, 'minutes': 0, 'seconds': 0, 'nanos': 0}, 'endTime': {'hours': 16, 'minutes': 0, 'seconds': 0, 'nanos': 0}}, {'day': 7, 'startTime': {'hours': 9, 'minutes': 0, 'seconds': 0, 'nanos': 0}, 'endTime': {'hours': 16, 'minutes': 0, 'seconds': 0, 'nanos': 0}}]",2016-06-20T10:28:08.705Z,,"[{'key': 'tenants/gofood/tags/CUISINE_ANEKA_NASI', 'tenantUid': 'gofood', 'uid': 'CUISINE_ANEKA_NASI', 'displayName': 'Aneka nasi', 'description': '', 'taxonomy': 2, 'parentKey': ''}, {'key': 'tenants/gofood/tags/CUISINE_SNACKS_JAJANAN', 'tenantUid': 'gofood', 'uid': 'CUISINE_SNACKS_JAJANAN', 'displayName': 'Jajanan', 'description': '', 'taxonomy': 2, 'parentKey': ''}]",-7.745456,110.37342,Lotek & Gado-Gado Bu Nur,2023-11-19T09:00:00.000Z,55284.0, Kabupaten Sleman,False
e1cd857c-8068-4a84-abb5-d38308aceb04,"{'average': 4.6, 'total': 0}",3,"Gudeg Yu Narni, Palagan",,1,"[{'day': 1, 'startTime': {'hours': 5, 'minutes': 15, 'seconds': 0, 'nanos': 0}, 'endTime': {'hours': 20, 'minutes': 0, 'seconds': 0, 'nanos': 0}}, {'day': 2, 'startTime': {'hours': 5, 'minutes': 15, 'seconds': 0, 'nanos': 0}, 'endTime': {'hours': 20, 'minutes': 0, 'seconds': 0, 'nanos': 0}}, {'day': 3, 'startTime': {'hours': 5, 'minutes': 15, 'seconds': 0, 'nanos': 0}, 'endTime': {'hours': 20, 'minutes': 0, 'seconds': 0, 'nanos': 0}}, {'day': 4, 'startTime': {'hours': 5, 'minutes': 15, 'seconds': 0, 'nanos': 0}, 'endTime': {'hours': 20, 'minutes': 0, 'seconds': 0, 'nanos': 0}}, {'day': 5, 'startTime': {'hours': 5, 'minutes': 15, 'seconds': 0, 'nanos': 0}, 'endTime': {'hours': 20, 'minutes': 0, 'seconds': 0, 'nanos': 0}}, {'day': 6, 'startTime': {'hours': 5, 'minutes': 15, 'seconds': 0, 'nanos': 0}, 'endTime': {'hours': 20, 'minutes': 0, 'seconds': 0, 'nanos': 0}}, {'day': 7, 'startTime': {'hours': 5, 'minutes': 15, 'seconds': 0, 'nanos': 0}, 'endTime': {'hours': 20, 'minutes': 0, 'seconds': 0, 'nanos': 0}}]",2016-06-20T10:25:36.574Z,,"[{'key': 'tenants/gofood/tags/CUISINE_ANEKA_NASI', 'tenantUid': 'gofood', 'uid': 'CUISINE_ANEKA_NASI', 'displayName': 'Aneka nasi', 'description': '', 'taxonomy': 2, 'parentKey': ''}]",-7.746984,110.372797,Gudeg Yu Narni - Diah Kusuma Wardani,2023-11-19T13:00:00.000Z,55284.0, Kabupaten Sleman,False
9ca1ce1f-2f25-46f1-ae14-ce25b8b89aa8,"{'average': 4.7, 'total': 0}",1,"Gudeg Jamal, Jl. Magelang",,1,"[{'day': 1, 'startTime': {'hours': 7, 'minutes': 0, 'seconds': 0, 'nanos': 0}, 'endTime': {'hours': 20, 'minutes': 30, 'seconds': 0, 'nanos': 0}}, {'day': 2, 'startTime': {'hours': 7, 'minutes': 0, 'seconds': 0, 'nanos': 0}, 'endTime': {'hours': 20, 'minutes': 30, 'seconds': 0, 'nanos': 0}}, {'day': 3, 'startTime': {'hours': 7, 'minutes': 0, 'seconds': 0, 'nanos': 0}, 'endTime': {'hours': 20, 'minutes': 30, 'seconds': 0, 'nanos': 0}}, {'day': 4, 'startTime': {'hours': 7, 'minutes': 0, 'seconds': 0, 'nanos': 0}, 'endTime': {'hours': 20, 'minutes': 30, 'seconds': 0, 'nanos': 0}}, {'day': 5, 'startTime': {'hours': 7, 'minutes': 0, 'seconds': 0, 'nanos': 0}, 'endTime': {'hours': 20, 'minutes': 30, 'seconds': 0, 'nanos': 0}}, {'day': 6, 'startTime': {'hours': 8, 'minutes': 0, 'seconds': 0, 'nanos': 0}, 'endTime': {'hours': 20, 'minutes': 30, 'seconds': 0, 'nanos': 0}}, {'day': 7, 'startTime': {'hours': 7, 'minutes': 0, 'seconds': 0, 'nanos': 0}, 'endTime': {'hours': 20, 'minutes': 30, 'seconds': 0, 'nanos': 0}}]",2018-12-05T03:46:53.091Z,,"[{'key': 'tenants/gofood/tags/CUISINE_ANEKA_NASI', 'tenantUid': 'gofood', 'uid': 'CUISINE_ANEKA_NASI', 'displayName': 'Aneka nasi', 'description': '', 'taxonomy': 2, 'parentKey': ''}, {'key': 'tenants/gofood/tags/CUISINE_ANEKA_AYAM_BEBEK', 'tenantUid': 'gofood', 'uid': 'CUISINE_ANEKA_AYAM_BEBEK', 'displayName': 'Ayam & bebek', 'description': '', 'taxonomy': 2, 'parentKey': ''}]",-7.7659838,110.3615103,Gudeg Legenda Mbok Joyo,2023-11-19T13:30:00.000Z,55223.0, Kota Yogyakarta,False
e26bc4e6-144c-4634-9788-e5798f89086c,"{'average': 4.7, 'total': 0}",2,"Lotek Pandega Putri, Ngaglik",,1,"[{'day': 1, 'startTime': {'hours': 7, 'minutes': 0, 'seconds': 0, 'nanos': 0}, 'endTime': {'hours': 16, 'minutes': 0, 'seconds': 0, 'nanos': 0}}, {'day': 2, 'startTime': {'hours': 7, 'minutes': 0, 'seconds': 0, 'nanos': 0}, 'endTime': {'hours': 16, 'minutes': 0, 'seconds': 0, 'nanos': 0}}, {'day': 3, 'startTime': {'hours': 7, 'minutes': 0, 'seconds': 0, 'nanos': 0}, 'endTime': {'hours': 16, 'minutes': 0, 'seconds': 0, 'nanos': 0}}, {'day': 4, 'startTime': {'hours': 7, 'minutes': 0, 'seconds': 0, 'nanos': 0}, 'endTime': {'hours': 16, 'minutes': 0, 'seconds': 0, 'nanos': 0}}, {'day': 5, 'startTime': {'hours': 7, 'minutes': 0, 'seconds': 0, 'nanos': 0}, 'endTime': {'hours': 16, 'minutes': 0, 'seconds': 0, 'nanos': 0}}, {'day': 6, 'startTime': {'hours': 7, 'minutes': 0, 'seconds': 0, 'nanos': 0}, 'endTime': {'hours': 16, 'minutes': 0, 'seconds': 0, 'nanos': 0}}, {'day': 7, 'startTime': {'hours': 7, 'minutes': 0, 'seconds': 0, 'nanos': 0}, 'endTime': {'hours': 16, 'minutes': 0, 'seconds': 0, 'nanos': 0}}]",2020-06-15T08:16:40.558Z,,"[{'key': 'tenants/gofood/tags/CUISINE_ANEKA_NASI', 'tenantUid': 'gofood', 'uid': 'CUISINE_ANEKA_NASI', 'displayName': 'Aneka nasi', 'description': '', 'taxonomy': 2, 'parentKey': ''}]",-7.7339369,110.3891486,Lotek Pandega Putri,2023-11-19T09:00:00.000Z,55581.0, Kabupaten Sleman,False
7938a948-7220-49d3-8307-4ab06d8756f2,"{'average': 4.5, 'total': 0}",1,"Lotek & Gado - Gado Bu Nur, Jambon",,1,"[{'day': 1, 'startTime': {'hours': 9, 'minutes': 15, 'seconds': 0, 'nanos': 0}, 'endTime': {'hours': 15, 'minutes': 45, 'seconds': 0, 'nanos': 0}}, {'day': 2, 'startTime': {'hours': 9, 'minutes': 15, 'seconds': 0, 'nanos': 0}, 'endTime': {'hours': 15, 'minutes': 30, 'seconds': 0, 'nanos': 0}}, {'day': 3, 'startTime': {'hours': 9, 'minutes': 0, 'seconds': 0, 'nanos': 0}, 'endTime': {'hours': 15, 'minutes': 45, 'seconds': 0, 'nanos': 0}}, {'day': 4, 'startTime': {'hours': 9, 'minutes': 0, 'seconds': 0, 'nanos': 0}, 'endTime': {'hours': 15, 'minutes': 45, 'seconds': 0, 'nanos': 0}}, {'day': 5, 'startTime': {'hours': 9, 'minutes': 0, 'seconds': 0, 'nanos': 0}, 'endTime': {'hours': 16, 'minutes': 0, 'seconds': 0, 'nanos': 0}}, {'day': 6, 'startTime': {'hours': 9, 'minutes': 0, 'seconds': 0, 'nanos': 0}, 'endTime': {'hours': 15, 'minutes': 30, 'seconds': 0, 'nanos': 0}}, {'day': 7, 'startTime': {'hours': 9, 'minutes': 0, 'seconds': 0, 'nanos': 0}, 'endTime': {'hours': 16, 'minutes': 0, 'seconds': 0, 'nanos': 0}}]",2018-10-30T06:37:22.142Z,,"[{'key': 'tenants/gofood/tags/CUISINE_SOTO_BAKSO_SOP', 'tenantUid': 'gofood', 'uid': 'CUISINE_SOTO_BAKSO_SOP', 'displayName': 'Bakso & soto', 'description': '', 'taxonomy': 2, 'parentKey': ''}, {'key': 'tenants/gofood/tags/CUISINE_ANEKA_NASI', 'tenantUid': 'gofood', 'uid': 'CUISINE_ANEKA_NASI', 'displayName': 'Aneka nasi', 'description': '', 'taxonomy': 2, 'parentKey': ''}, {'key': 'tenants/gofood/tags/CUISINE_ANEKA_AYAM_BEBEK', 'tenantUid': 'gofood', 'uid': 'CUISINE_ANEKA_AYAM_BEBEK', 'displayName': 'Ayam & bebek', 'description': '', 'taxonomy': 2, 'parentKey': ''}]",-7.769749,110.356918,Lotek & Gado-Gado Bu Nur,2023-11-19T09:00:00.000Z,55223.0, Kota Yogyakarta,False
c2c5bc09-5662-4f70-a406-907822d38771,"{'average': 4.7, 'total': 0}",1,"Lotek Pandega Putri, Depok",,1,"[{'day': 1, 'startTime': {'hours': 7, 'minutes': 0, 'seconds': 0, 'nanos': 0}, 'endTime': {'hours': 16, 'minutes': 0, 'seconds': 0, 'nanos': 0}}, {'day': 2, 'startTime': {'hours': 7, 'minutes': 0, 'seconds': 0, 'nanos': 0}, 'endTime': {'hours': 16, 'minutes': 0, 'seconds': 0, 'nanos': 0}}, {'day': 3, 'startTime': {'hours': 7, 'minutes': 0, 'seconds': 0, 'nanos': 0}, 'endTime': {'hours': 16, 'minutes': 0, 'seconds': 0, 'nanos': 0}}, {'day': 4, 'startTime': {'hours': 7, 'minutes': 0, 'seconds': 0, 'nanos': 0}, 'endTime': {'hours': 16, 'minutes': 0, 'seconds': 0, 'nanos': 0}}, {'day': 5, 'startTime': {'hours': 7, 'minutes': 0, 'seconds': 0, 'nanos': 0}, 'endTime': {'hours': 16, 'minutes': 0, 'seconds': 0, 'nanos': 0}}, {'day': 6, 'startTime': {'hours': 7, 'minutes': 0, 'seconds': 0, 'nanos': 0}, 'endTime': {'hours': 16, 'minutes': 0, 'seconds': 0, 'nanos': 0}}, {'day': 7, 'startTime': {'hours': 7, 'minutes': 0, 'seconds': 0, 'nanos': 0}, 'endTime': {'hours': 16, 'minutes': 0, 'seconds': 0, 'nanos': 0}}]",2017-07-24T13:08:44.073Z,,"[{'key': 'tenants/gofood/tags/CUISINE_ANEKA_NASI', 'tenantUid': 'gofood', 'uid': 'CUISINE_ANEKA_NASI', 'displayName': 'Aneka nasi', 'description': '', 'taxonomy': 2, 'parentKey': ''}]",-7.7552375,110.3792182,Lotek Pandega Putri,2023-11-19T09:00:00.000Z,52281.0,Kabupaten Sleman,False
d03a9299-809b-4c64-a256-28b639a993f2,"{'average': 4.8, 'total': 0}",1,Gudeg Rizky 2,,1,"[{'day': 1, 'startTime': {'hours': 5, 'minutes': 0, 'seconds': 0, 'nanos': 0}, 'endTime': {'hours': 22, 'minutes': 0, 'seconds': 0, 'nanos': 0}}, {'day': 2, 'startTime': {'hours': 5, 'minutes': 0, 'seconds': 0, 'nanos': 0}, 'endTime': {'hours': 22, 'minutes': 0, 'seconds': 0, 'nanos': 0}}, {'day': 3, 'startTime': {'hours': 5, 'minutes': 0, 'seconds': 0, 'nanos': 0}, 'endTime': {'hours': 22, 'minutes': 0, 'seconds': 0, 'nanos': 0}}, {'day': 4, 'startTime': {'hours': 5, 'minutes': 0, 'seconds': 0, 'nanos': 0}, 'endTime': {'hours': 22, 'minutes': 0, 'seconds': 0, 'nanos': 0}}, {'day': 5, 'startTime': {'hours': 5, 'minutes': 0, 'seconds': 0, 'nanos': 0}, 'endTime': {'hours': 22, 'minutes': 0, 'seconds': 0, 'nanos': 0}}, {'day': 6, 'startTime': {'hours': 5, 'minutes': 0, 'seconds': 0, 'nanos': 0}, 'endTime': {'hours': 22, 'minutes': 0, 'seconds': 0, 'nanos': 0}}, {'day': 7, 'startTime': {'hours': 5, 'minutes': 0, 'seconds': 0, 'nanos': 0}, 'endTime': {'hours': 22, 'minutes': 0, 'seconds': 0, 'nanos': 0}}]",2021-03-23T11:41:15.914Z,,"[{'key': 'tenants/gofood/tags/CUISINE_ANEKA_NASI', 'tenantUid': 'gofood', 'uid': 'CUISINE_ANEKA_NASI', 'displayName': 'Aneka nasi', 'description': '', 'taxonomy': 2, 'parentKey': ''}]",-7.77325132151724,110.31249728053808,"Gudeg Rizky 2, Arief Yusnida",2023-11-19T15:00:00.000Z,55264.0, Kabupaten Sleman,False
ab5ba174-35fb-43d2-872c-5cb731a5b5fd,"{'average': 4.4, 'total': 0}",3,"Bakpia Kurnia Sari, Godean",,1,"[{'day': 1, 'startTime': {'hours': 8, 'minutes': 0, 'seconds': 0, 'nanos': 0}, 'endTime': {'hours': 20, 'minutes': 0, 'seconds': 0, 'nanos': 0}}, {'day': 2, 'startTime': {'hours': 8, 'minutes': 0, 'seconds': 0, 'nanos': 0}, 'endTime': {'hours': 20, 'minutes': 0, 'seconds': 0, 'nanos': 0}}, {'day': 3, 'startTime': {'hours': 8, 'minutes': 0, 'seconds': 0, 'nanos': 0}, 'endTime': {'hours': 20, 'minutes': 0, 'seconds': 0, 'nanos': 0}}, {'day': 4, 'startTime': {'hours': 8, 'minutes': 0, 'seconds': 0, 'nanos': 0}, 'endTime': {'hours': 20, 'minutes': 0, 'seconds': 0, 'nanos': 0}}, {'day': 5, 'startTime': {'hours': 8, 'minutes': 0, 'seconds': 0, 'nanos': 0}, 'endTime': {'hours': 20, 'minutes': 0, 'seconds': 0, 'nanos': 0}}, {'day': 6, 'startTime': {'hours': 8, 'minutes': 0, 'seconds': 0, 'nanos': 0}, 'endTime': {'hours': 20, 'minutes': 0, 'seconds': 0, 'nanos': 0}}, {'day': 7, 'startTime': {'hours': 8, 'minutes': 0, 'seconds': 0, 'nanos': 0}, 'endTime': {'hours': 20, 'minutes': 0, 'seconds': 0, 'nanos': 0}}]",2019-12-11T13:33:54.367Z,,"[{'key': 'tenants/gofood/tags/CUISINE_SNACKS_JAJANAN', 'tenantUid': 'gofood', 'uid': 'CUISINE_SNACKS_JAJANAN', 'displayName': 'Jajanan', 'description': '', 'taxonomy': 2, 'parentKey': ''}]",-7.77869,110.338618,"Bakpia Kurnia Sari, Godean",2023-11-19T13:00:00.000Z,55292.0,Kota Yogyakarta,False
916d0536-7ad7-45fc-bf51-8028b865a96d,"{'average': 4.7, 'total': 0}",3,"Gudeg Yu Djum, AM Sangaji",Juara Partner GO-FOOD 2019: Kategori Pelayanan Driver Terbaik Provinsi D.I Yogyakarta,1,"[{'day': 1, 'startTime': {'hours': 6, 'minutes': 0, 'seconds': 0, 'nanos': 0}, 'endTime': {'hours': 19, 'minutes': 0, 'seconds': 0, 'nanos': 0}}, {'day': 2, 'startTime': {'hours': 6, 'minutes': 0, 'seconds': 0, 'nanos': 0}, 'endTime': {'hours': 19, 'minutes': 0, 'seconds': 0, 'nanos': 0}}, {'day': 3, 'startTime': {'hours': 6, 'minutes': 0, 'seconds': 0, 'nanos': 0}, 'endTime': {'hours': 19, 'minutes': 0, 'seconds': 0, 'nanos': 0}}, {'day': 4, 'startTime': {'hours': 6, 'minutes': 0, 'seconds': 0, 'nanos': 0}, 'endTime': {'hours': 19, 'minutes': 0, 'seconds': 0, 'nanos': 0}}, {'day': 5, 'startTime': {'hours': 6, 'minutes': 0, 'seconds': 0, 'nanos': 0}, 'endTime': {'hours': 19, 'minutes': 0, 'seconds': 0, 'nanos': 0}}, {'day': 6, 'startTime': {'hours': 6, 'minutes': 0, 'seconds': 0, 'nanos': 0}, 'endTime': {'hours': 19, 'minutes': 0, 'seconds': 0, 'nanos': 0}}, {'day': 7, 'startTime': {'hours': 6, 'minutes': 0, 'seconds': 0, 'nanos': 0}, 'endTime': {'hours': 19, 'minutes': 0, 'seconds': 0, 'nanos': 0}}]",2016-06-20T10:25:13.561Z,,"[{'key': 'tenants/gofood/tags/CUISINE_ANEKA_NASI', 'tenantUid': 'gofood', 'uid': 'CUISINE_ANEKA_NASI', 'displayName': 'Aneka nasi', 'description': '', 'taxonomy': 2, 'parentKey': ''}]",-7.770860499999999,110.3684083,"Gudeg Yu Djum, Kaliurang",2023-11-19T12:00:00.000Z,55233.0, Kota Yogyakarta,False
ee28fe8e-8467-42f1-a878-a8e155f88fd1,"{'average': 4.6, 'total': 0}",3,"Gudeg Yu Djum, Kaliurang",Juara Partner GO-FOOD 2019: Kategori Pelayanan Driver Terbaik Provinsi D.I Yogyakarta,1,"[{'day': 1, 'startTime': {'hours': 5, 'minutes': 0, 'seconds': 0, 'nanos': 0}, 'endTime': {'hours': 18, 'minutes': 0, 'seconds': 0, 'nanos': 0}}, {'day': 2, 'startTime': {'hours': 5, 'minutes': 0, 'seconds': 0, 'nanos': 0}, 'endTime': {'hours': 18, 'minutes': 0, 'seconds': 0, 'nanos': 0}}, {'day': 3, 'startTime': {'hours': 5, 'minutes': 0, 'seconds': 0, 'nanos': 0}, 'endTime': {'hours': 18, 'minutes': 0, 'seconds': 0, 'nanos': 0}}, {'day': 4, 'startTime': {'hours': 5, 'minutes': 0, 'seconds': 0, 'nanos': 0}, 'endTime': {'hours': 18, 'minutes': 0, 'seconds': 0, 'nanos': 0}}, {'day': 5, 'startTime': {'hours': 5, 'minutes': 0, 'seconds': 0, 'nanos': 0}, 'endTime': {'hours': 18, 'minutes': 0, 'seconds': 0, 'nanos': 0}}, {'day': 6, 'startTime': {'hours': 5, 'minutes': 0, 'seconds': 0, 'nanos': 0}, 'endTime': {'hours': 18, 'minutes': 0, 'seconds': 0, 'nanos': 0}}, {'day': 7, 'startTime': {'hours': 5, 'minutes': 0, 'seconds': 0, 'nanos': 0}, 'endTime': {'hours': 18, 'minutes': 0, 'seconds': 0, 'nanos': 0}}]",2016-06-20T10:26:41.424Z,,"[{'key': 'tenants/gofood/tags/CUISINE_ANEKA_AYAM_BEBEK', 'tenantUid': 'gofood', 'uid': 'CUISINE_ANEKA_AYAM_BEBEK', 'displayName': 'Ayam & bebek', 'description': '', 'taxonomy': 2, 'parentKey': ''}, {'key': 'tenants/gofood/tags/CUISINE_ANEKA_NASI', 'tenantUid': 'gofood', 'uid': 'CUISINE_ANEKA_NASI', 'displayName': 'Aneka nasi', 'description': '', 'taxonomy': 2, 'parentKey': ''}]",-7.763213,110.380196,"Gudeg Yu Djum, Kaliurang",2023-11-19T11:00:00.000Z,52281.0,Kabupaten Sleman,False
58b080b6-d315-48d6-b518-aca361770930,"{'average': 4.6, 'total': 0}",3,"Gudeg Mbarek Bu Hj. Amad, Agro","Gudeg Mbarek bu Hj Amad yg telah hadir di Jogja sejak th 1950 adalah warung makan gudeg yg merupakan warisan leluhur yg bertema tradisional. 
Dengan resep yg sudah terkenal karena rasanya dengan citarasa yg istimewa.
Gudeg Mbarek bu Hj Amad merupakan  makanan Khas kota Jogja. Dimasak dengan menggunakan kayu bakar, sehingga memberi citarasa yg khas & nikmat.",1,"[{'day': 1, 'startTime': {'hours': 5, 'minutes': 30, 'seconds': 0, 'nanos': 0}, 'endTime': {'hours': 22, 'minutes': 0, 'seconds': 0, 'nanos': 0}}, {'day': 2, 'startTime': {'hours': 5, 'minutes': 30, 'seconds': 0, 'nanos': 0}, 'endTime': {'hours': 22, 'minutes': 0, 'seconds': 0, 'nanos': 0}}, {'day': 3, 'startTime': {'hours': 5, 'minutes': 30, 'seconds': 0, 'nanos': 0}, 'endTime': {'hours': 22, 'minutes': 0, 'seconds': 0, 'nanos': 0}}, {'day': 4, 'startTime': {'hours': 5, 'minutes': 30, 'seconds': 0, 'nanos': 0}, 'endTime': {'hours': 22, 'minutes': 0, 'seconds': 0, 'nanos': 0}}, {'day': 5, 'startTime': {'hours': 5, 'minutes': 30, 'seconds': 0, 'nanos': 0}, 'endTime': {'hours': 22, 'minutes': 0, 'seconds': 0, 'nanos': 0}}, {'day': 6, 'startTime': {'hours': 5, 'minutes': 30, 'seconds': 0, 'nanos': 0}, 'endTime': {'hours': 22, 'minutes': 0, 'seconds': 0, 'nanos': 0}}, {'day': 7, 'startTime': {'hours': 5, 'minutes': 30, 'seconds': 0, 'nanos': 0}, 'endTime': {'hours': 22, 'minutes': 0, 'seconds': 0, 'nanos': 0}}]",2016-06-20T10:24:52.538Z,,"[{'key': 'tenants/gofood/tags/CUISINE_ANEKA_NASI', 'tenantUid': 'gofood', 'uid': 'CUISINE_ANEKA_NASI', 'displayName': 'Aneka nasi', 'description': '', 'taxonomy': 2, 'parentKey': ''}]",-7.7658031,110.379294,Gudeg Mbarek Bu Hj. Amad,2023-11-19T15:00:00.000Z,55281.0, Kabupaten Sleman,False
26b532e9-2005-4197-b8c6-2302a6cfbe69,"{'average': 4.6, 'total': 0}",3,"Gudeg Yu Djum, Mbarek",,1,"[{'day': 1, 'startTime': {'hours': 5, 'minutes': 0, 'seconds': 0, 'nanos': 0}, 'endTime': {'hours': 21, 'minutes': 0, 'seconds': 0, 'nanos': 0}}, {'day': 2, 'startTime': {'hours': 5, 'minutes': 0, 'seconds': 0, 'nanos': 0}, 'endTime': {'hours': 21, 'minutes': 0, 'seconds': 0, 'nanos': 0}}, {'day': 3, 'startTime': {'hours': 5, 'minutes': 0, 'seconds': 0, 'nanos': 0}, 'endTime': {'hours': 21, 'minutes': 0, 'seconds': 0, 'nanos': 0}}, {'day': 4, 'startTime': {'hours': 5, 'minutes': 0, 'seconds': 0, 'nanos': 0}, 'endTime': {'hours': 21, 'minutes': 0, 'seconds': 0, 'nanos': 0}}, {'day': 5, 'startTime': {'hours': 5, 'minutes': 0, 'seconds': 0, 'nanos': 0}, 'endTime': {'hours': 21, 'minutes': 0, 'seconds': 0, 'nanos': 0}}, {'day': 6, 'startTime': {'hours': 5, 'minutes': 0, 'seconds': 0, 'nanos': 0}, 'endTime': {'hours': 21, 'minutes': 0, 'seconds': 0, 'nanos': 0}}, {'day': 7, 'startTime': {'hours': 5, 'minutes': 0, 'seconds': 0, 'nanos': 0}, 'endTime': {'hours': 21, 'minutes': 0, 'seconds': 0, 'nanos': 0}}]",2020-06-16T17:32:03.281Z,,"[{'key': 'tenants/gofood/tags/CUISINE_ANEKA_NASI', 'tenantUid': 'gofood', 'uid': 'CUISINE_ANEKA_NASI', 'displayName': 'Aneka nasi', 'description': '', 'taxonomy': 2, 'parentKey': ''}]",-7.766061556965985,110.37973657250404,"Gudeg Yu Djum, Mbarek",2023-11-19T14:00:00.000Z,55284.0, Kabupaten Sleman,False
c96f5364-f214-440a-8093-2aaf2eb073b3,"{'average': 4.7, 'total': 0}",2,"Gudeg Mbak Pirang by Bu Mardjo, Depok",,1,"[{'day': 1, 'startTime': {'hours': 12, 'minutes': 0, 'seconds': 0, 'nanos': 0}, 'endTime': {'hours': 21, 'minutes': 0, 'seconds': 0, 'nanos': 0}}, {'day': 2, 'startTime': {'hours': 12, 'minutes': 0, 'seconds': 0, 'nanos': 0}, 'endTime': {'hours': 21, 'minutes': 0, 'seconds': 0, 'nanos': 0}}, {'day': 3, 'startTime': {'hours': 12, 'minutes': 0, 'seconds': 0, 'nanos': 0}, 'endTime': {'hours': 22, 'minutes': 0, 'seconds': 0, 'nanos': 0}}, {'day': 4, 'startTime': {'hours': 12, 'minutes': 0, 'seconds': 0, 'nanos': 0}, 'endTime': {'hours': 21, 'minutes': 0, 'seconds': 0, 'nanos': 0}}, {'day': 5, 'startTime': {'hours': 12, 'minutes': 0, 'seconds': 0, 'nanos': 0}, 'endTime': {'hours': 22, 'minutes': 0, 'seconds': 0, 'nanos': 0}}, {'day': 6, 'startTime': {'hours': 12, 'minutes': 0, 'seconds': 0, 'nanos': 0}, 'endTime': {'hours': 21, 'minutes': 0, 'seconds': 0, 'nanos': 0}}, {'day': 7, 'startTime': {'hours': 12, 'minutes': 0, 'seconds': 0, 'nanos': 0}, 'endTime': {'hours': 21, 'minutes': 0, 'seconds': 0, 'nanos': 0}}]",2019-09-09T11:10:20.411Z,,"[{'key': 'tenants/gofood/tags/CUISINE_ANEKA_AYAM_BEBEK', 'tenantUid': 'gofood', 'uid': 'CUISINE_ANEKA_AYAM_BEBEK', 'displayName': 'Ayam & bebek', 'description': '', 'taxonomy': 2, 'parentKey': ''}, {'key': 'tenants/gofood/tags/CUISINE_ANEKA_NASI', 'tenantUid': 'gofood', 'uid': 'CUISINE_ANEKA_NASI', 'displayName': 'Aneka nasi', 'description': '', 'taxonomy': 2, 'parentKey': ''}]",-7.76619,110.385903,Gudeg Mbak Pirang by Bu Mardjo,2023-11-19T14:00:00.000Z,55281.0, Kabupaten Sleman,False
c5fc0915-1e86-40ce-b505-1a099d2df59a,"{'average': 4.6, 'total': 0}",1,"Lotek & Gado-Gado Bu Bagyo, Anggajaya",,1,"[{'day': 1, 'startTime': {'hours': 9, 'minutes': 0, 'seconds': 0, 'nanos': 0}, 'endTime': {'hours': 16, 'minutes': 15, 'seconds': 0, 'nanos': 0}}, {'day': 2, 'startTime': {'hours': 9, 'minutes': 0, 'seconds': 0, 'nanos': 0}, 'endTime': {'hours': 16, 'minutes': 15, 'seconds': 0, 'nanos': 0}}, {'day': 3, 'startTime': {'hours': 9, 'minutes': 15, 'seconds': 0, 'nanos': 0}, 'endTime': {'hours': 16, 'minutes': 15, 'seconds': 0, 'nanos': 0}}, {'day': 4, 'startTime': {'hours': 9, 'minutes': 15, 'seconds': 0, 'nanos': 0}, 'endTime': {'hours': 16, 'minutes': 15, 'seconds': 0, 'nanos': 0}}, {'day': 5, 'startTime': {'hours': 9, 'minutes': 0, 'seconds': 0, 'nanos': 0}, 'endTime': {'hours': 16, 'minutes': 15, 'seconds': 0, 'nanos': 0}}, {'day': 6, 'startTime': {'hours': 9, 'minutes': 0, 'seconds': 0, 'nanos': 0}, 'endTime': {'hours': 16, 'minutes': 15, 'seconds': 0, 'nanos': 0}}, {'day': 7, 'startTime': {'hours': 9, 'minutes': 0, 'seconds': 0, 'nanos': 0}, 'endTime': {'hours': 16, 'minutes': 15, 'seconds': 0, 'nanos': 0}}]",2016-06-20T10:27:45.649Z,,"[{'key': 'tenants/gofood/tags/CUISINE_SNACKS_JAJANAN', 'tenantUid': 'gofood', 'uid': 'CUISINE_SNACKS_JAJANAN', 'displayName': 'Jajanan', 'description': '', 'taxonomy': 2, 'parentKey': ''}, {'key': 'tenants/gofood/tags/CUISINE_ANEKA_NASI', 'tenantUid': 'gofood', 'uid': 'CUISINE_ANEKA_NASI', 'displayName': 'Aneka nasi', 'description': '', 'taxonomy': 2, 'parentKey': ''}]",-7.7570675,110.3959198,Lotek & Gado - Gado Bu Bagyo,2023-11-19T09:15:00.000Z,55283.0, Kabupaten Sleman,False
97e6fdbb-0b20-4ce3-bcab-1c82d3679d95,"{'average': 4.7, 'total': 0}",3,"Bakpia Bakpiaku, Tugu Jogja",,1,"[{'day': 1, 'startTime': {'hours': 6, 'minutes': 0, 'seconds': 0, 'nanos': 0}, 'endTime': {'hours': 21, 'minutes': 45, 'seconds': 0, 'nanos': 0}}, {'day': 2, 'startTime': {'hours': 6, 'minutes': 0, 'seconds': 0, 'nanos': 0}, 'endTime': {'hours': 21, 'minutes': 45, 'seconds': 0, 'nanos': 0}}, {'day': 3, 'startTime': {'hours': 6, 'minutes': 0, 'seconds': 0, 'nanos': 0}, 'endTime': {'hours': 21, 'minutes': 45, 'seconds': 0, 'nanos': 0}}, {'day': 4, 'startTime': {'hours': 6, 'minutes': 0, 'seconds': 0, 'nanos': 0}, 'endTime': {'hours': 21, 'minutes': 45, 'seconds': 0, 'nanos': 0}}, {'day': 5, 'startTime': {'hours': 6, 'minutes': 0, 'seconds': 0, 'nanos': 0}, 'endTime': {'hours': 21, 'minutes': 45, 'seconds': 0, 'nanos': 0}}, {'day': 6, 'startTime': {'hours': 6, 'minutes': 0, 'seconds': 0, 'nanos': 0}, 'endTime': {'hours': 21, 'minutes': 45, 'seconds': 0, 'nanos': 0}}, {'day': 7, 'startTime': {'hours': 6, 'minutes': 0, 'seconds': 0, 'nanos': 0}, 'endTime': {'hours': 21, 'minutes': 45, 'seconds': 0, 'nanos': 0}}]",2023-02-27T10:17:38.165Z,,"[{'key': 'tenants/gofood/tags/CUISINE_SWEETS_DESSERTS', 'tenantUid': 'gofood', 'uid': 'CUISINE_SWEETS_DESSERTS', 'displayName': 'Sweets', 'description': '', 'taxonomy': 2, 'parentKey': ''}]",-7.783052599999999,110.3675151,Bakpiaku,2023-11-19T14:45:00.000Z,55233.0, Kota Yogyakarta,False
7028c43f-f1a0-464d-9d8a-ca66e19fd86b,"{'average': 4.5, 'total': 0}",2,"Gudeg Yu Narni, Margo Utomo",,1,"[{'day': 1, 'startTime': {'hours': 5, 'minutes': 15, 'seconds': 0, 'nanos': 0}, 'endTime': {'hours': 20, 'minutes': 30, 'seconds': 0, 'nanos': 0}}, {'day': 2, 'startTime': {'hours': 5, 'minutes': 15, 'seconds': 0, 'nanos': 0}, 'endTime': {'hours': 20, 'minutes': 30, 'seconds': 0, 'nanos': 0}}, {'day': 3, 'startTime': {'hours': 5, 'minutes': 15, 'seconds': 0, 'nanos': 0}, 'endTime': {'hours': 20, 'minutes': 30, 'seconds': 0, 'nanos': 0}}, {'day': 4, 'startTime': {'hours': 5, 'minutes': 15, 'seconds': 0, 'nanos': 0}, 'endTime': {'hours': 20, 'minutes': 30, 'seconds': 0, 'nanos': 0}}, {'day': 5, 'startTime': {'hours': 5, 'minutes': 15, 'seconds': 0, 'nanos': 0}, 'endTime': {'hours': 20, 'minutes': 30, 'seconds': 0, 'nanos': 0}}, {'day': 6, 'startTime': {'hours': 5, 'minutes': 15, 'seconds': 0, 'nanos': 0}, 'endTime': {'hours': 20, 'minutes': 30, 'seconds': 0, 'nanos': 0}}, {'day': 7, 'startTime': {'hours': 5, 'minutes': 15, 'seconds': 0, 'nanos': 0}, 'endTime': {'hours': 20, 'minutes': 30, 'seconds': 0, 'nanos': 0}}]",2016-06-20T10:25:36.128Z,,"[{'key': 'tenants/gofood/tags/CUISINE_ANEKA_NASI', 'tenantUid': 'gofood', 'uid': 'CUISINE_ANEKA_NASI', 'displayName': 'Aneka nasi', 'description': '', 'taxonomy': 2, 'parentKey': ''}]",-7.7840166,110.3669988,Gudeg Yu Narni - Diah Kusuma Wardani,2023-11-19T13:30:00.000Z,55232.0, Kota Yogyakarta,False
c56bdcac-1412-4470-a305-4a03f6d5a1de,"{'average': 4.7, 'total': 0}",3,"Bakpia Mutiara Jogja, Timur Hartono Mall",,1,"[{'day': 1, 'startTime': {'hours': 7, 'minutes': 0, 'seconds': 0, 'nanos': 0}, 'endTime': {'hours': 21, 'minutes': 30, 'seconds': 0, 'nanos': 0}}, {'day': 2, 'startTime': {'hours': 7, 'minutes': 0, 'seconds': 0, 'nanos': 0}, 'endTime': {'hours': 21, 'minutes': 30, 'seconds': 0, 'nanos': 0}}, {'day': 3, 'startTime': {'hours': 7, 'minutes': 0, 'seconds': 0, 'nanos': 0}, 'endTime': {'hours': 21, 'minutes': 30, 'seconds': 0, 'nanos': 0}}, {'day': 4, 'startTime': {'hours': 7, 'minutes': 0, 'seconds': 0, 'nanos': 0}, 'endTime': {'hours': 21, 'minutes': 30, 'seconds': 0, 'nanos': 0}}, {'day': 5, 'startTime': {'hours': 7, 'minutes': 0, 'seconds': 0, 'nanos': 0}, 'endTime': {'hours': 21, 'minutes': 30, 'seconds': 0, 'nanos': 0}}, {'day': 6, 'startTime': {'hours': 7, 'minutes': 0, 'seconds': 0, 'nanos': 0}, 'endTime': {'hours': 21, 'minutes': 30, 'seconds': 0, 'nanos': 0}}, {'day': 7, 'startTime': {'hours': 7, 'minutes': 0, 'seconds': 0, 'nanos': 0}, 'endTime': {'hours': 21, 'minutes': 30, 'seconds': 0, 'nanos': 0}}]",2021-04-27T19:37:31.816Z,,"[{'key': 'tenants/gofood/tags/CUISINE_SNACKS_JAJANAN', 'tenantUid': 'gofood', 'uid': 'CUISINE_SNACKS_JAJANAN', 'displayName': 'Jajanan', 'description': '', 'taxonomy': 2, 'parentKey': ''}, {'key': 'tenants/gofood/tags/CUISINE_ROTI', 'tenantUid': 'gofood', 'uid': 'CUISINE_ROTI', 'displayName': 'Roti', 'description': '', 'taxonomy': 2, 'parentKey': ''}]",-7.758343,110.399995,Bakpia Mutiara Solo,2023-11-19T14:30:00.000Z,55283.0, Kabupaten Sleman,False
e0d0ea33-be40-4751-a0d0-a24528db6c9e,"{'average': 4.7, 'total': 0}",2,"Lotek & Gado - Gado Bu Bagyo, Sagan",,1,"[{'day': 1, 'startTime': {'hours': 8, 'minutes': 30, 'seconds': 0, 'nanos': 0}, 'endTime': {'hours': 18, 'minutes': 15, 'seconds': 0, 'nanos': 0}}, {'day': 2, 'startTime': {'hours': 8, 'minutes': 30, 'seconds': 0, 'nanos': 0}, 'endTime': {'hours': 18, 'minutes': 15, 'seconds': 0, 'nanos': 0}}, {'day': 3, 'startTime': {'hours': 8, 'minutes': 30, 'seconds': 0, 'nanos': 0}, 'endTime': {'hours': 18, 'minutes': 15, 'seconds': 0, 'nanos': 0}}, {'day': 4, 'startTime': {'hours': 8, 'minutes': 30, 'seconds': 0, 'nanos': 0}, 'endTime': {'hours': 18, 'minutes': 15, 'seconds': 0, 'nanos': 0}}, {'day': 5, 'startTime': {'hours': 8, 'minutes': 30, 'seconds': 0, 'nanos': 0}, 'endTime': {'hours': 18, 'minutes': 15, 'seconds': 0, 'nanos': 0}}, {'day': 6, 'startTime': {'hours': 8, 'minutes': 30, 'seconds': 0, 'nanos': 0}, 'endTime': {'hours': 18, 'minutes': 15, 'seconds': 0, 'nanos': 0}}, {'day': 7, 'startTime': {'hours': 8, 'minutes': 30, 'seconds': 0, 'nanos': 0}, 'endTime': {'hours': 18, 'minutes': 15, 'seconds': 0, 'nanos': 0}}]",2016-09-13T06:29:25.533Z,,"[{'key': 'tenants/gofood/tags/CUISINE_SNACKS_JAJANAN', 'tenantUid': 'gofood', 'uid': 'CUISINE_SNACKS_JAJANAN', 'displayName': 'Jajanan', 'description': '', 'taxonomy': 2, 'parentKey': ''}, {'key': 'tenants/gofood/tags/CUISINE_ANEKA_NASI', 'tenantUid': 'gofood', 'uid': 'CUISINE_ANEKA_NASI', 'displayName': 'Aneka nasi', 'description': '', 'taxonomy': 2, 'parentKey': ''}]",-7.78055,110.37936,Lotek & Gado - Gado Bu Bagyo,2023-11-19T11:15:00.000Z,55281.0, Kabupaten Sleman,False
867c4e99-060d-42eb-813c-75a1bc8f9e31,"{'average': 4.2, 'total': 0}",2,"Bakpia Juwara Satoe, Kotabaru",,1,"[{'day': 1, 'startTime': {'hours': 7, 'minutes': 0, 'seconds': 0, 'nanos': 0}, 'endTime': {'hours': 21, 'minutes': 0, 'seconds': 0, 'nanos': 0}}, {'day': 2, 'startTime': {'hours': 7, 'minutes': 0, 'seconds': 0, 'nanos': 0}, 'endTime': {'hours': 21, 'minutes': 0, 'seconds': 0, 'nanos': 0}}, {'day': 3, 'startTime': {'hours': 7, 'minutes': 0, 'seconds': 0, 'nanos': 0}, 'endTime': {'hours': 21, 'minutes': 0, 'seconds': 0, 'nanos': 0}}, {'day': 4, 'startTime': {'hours': 7, 'minutes': 0, 'seconds': 0, 'nanos': 0}, 'endTime': {'hours': 21, 'minutes': 0, 'seconds': 0, 'nanos': 0}}, {'day': 5, 'startTime': {'hours': 7, 'minutes': 0, 'seconds': 0, 'nanos': 0}, 'endTime': {'hours': 21, 'minutes': 0, 'seconds': 0, 'nanos': 0}}, {'day': 6, 'startTime': {'hours': 7, 'minutes': 0, 'seconds': 0, 'nanos': 0}, 'endTime': {'hours': 21, 'minutes': 0, 'seconds': 0, 'nanos': 0}}, {'day': 7, 'startTime': {'hours': 7, 'minutes': 0, 'seconds': 0, 'nanos': 0}, 'endTime': {'hours': 21, 'minutes': 0, 'seconds': 0, 'nanos': 0}}]",2022-06-15T11:46:26.240Z,,"[{'key': 'tenants/gofood/tags/CUISINE_SNACKS_JAJANAN', 'tenantUid': 'gofood', 'uid': 'CUISINE_SNACKS_JAJANAN', 'displayName': 'Jajanan', 'description': '', 'taxonomy': 2, 'parentKey': ''}, {'key': 'tenants/gofood/tags/CUISINE_SWEETS_DESSERTS', 'tenantUid': 'gofood', 'uid': 'CUISINE_SWEETS_DESSERTS', 'displayName': 'Sweets', 'description': '', 'taxonomy': 2, 'parentKey': ''}, {'key': 'tenants/gofood/tags/CUISINE_ROTI', 'tenantUid': 'gofood', 'uid': 'CUISINE_ROTI', 'displayName': 'Roti', 'description': '', 'taxonomy': 2, 'parentKey': ''}]",-7.7847873092716515,110.37318997085094,Bakpia Juwara Satoe,2023-11-19T14:00:00.000Z,55224.0, Kota Yogyakarta,False
67b75737-3f65-44d2-af94-2f9ba82cb699,"{'average': 4.6, 'total': 0}",1,"Lotek & Gado-Gado Uswatun 2, Kaliurang",,1,"[{'day': 1, 'startTime': {'hours': 7, 'minutes': 15, 'seconds': 0, 'nanos': 0}, 'endTime': {'hours': 15, 'minutes': 30, 'seconds': 0, 'nanos': 0}}, {'day': 2, 'startTime': {'hours': 7, 'minutes': 0, 'seconds': 0, 'nanos': 0}, 'endTime': {'hours': 15, 'minutes': 30, 'seconds': 0, 'nanos': 0}}, {'day': 3, 'startTime': {'hours': 7, 'minutes': 0, 'seconds': 0, 'nanos': 0}, 'endTime': {'hours': 15, 'minutes': 30, 'seconds': 0, 'nanos': 0}}, {'day': 4, 'startTime': {'hours': 7, 'minutes': 0, 'seconds': 0, 'nanos': 0}, 'endTime': {'hours': 15, 'minutes': 30, 'seconds': 0, 'nanos': 0}}, {'day': 5, 'startTime': {'hours': 7, 'minutes': 15, 'seconds': 0, 'nanos': 0}, 'endTime': {'hours': 15, 'minutes': 30, 'seconds': 0, 'nanos': 0}}, {'day': 6, 'startTime': {'hours': 7, 'minutes': 0, 'seconds': 0, 'nanos': 0}, 'endTime': {'hours': 15, 'minutes': 30, 'seconds': 0, 'nanos': 0}}, {'day': 7, 'startTime': {'hours': 7, 'minutes': 0, 'seconds': 0, 'nanos': 0}, 'endTime': {'hours': 15, 'minutes': 30, 'seconds': 0, 'nanos': 0}}]",2016-06-20T10:27:06.959Z,,"[{'key': 'tenants/gofood/tags/CUISINE_ANEKA_NASI', 'tenantUid': 'gofood', 'uid': 'CUISINE_ANEKA_NASI', 'displayName': 'Aneka nasi', 'description': '', 'taxonomy': 2, 'parentKey': ''}]",-7.698531,110.4163368,"Lotek & Gado-Gado Uswatun, Jl Asem Gede",2023-11-19T08:30:00.000Z,55584.0, Kabupaten Sleman,False
708f9160-e3a8-43e6-ab12-1bb3be8fa996,"{'average': 4.6, 'total': 0}",2,"Lotek & Gado - Gado Bu Bagyo, Candi Gebang",,1,"[{'day': 1, 'startTime': {'hours': 8, 'minutes': 0, 'seconds': 0, 'nanos': 0}, 'endTime': {'hours': 16, 'minutes': 30, 'seconds': 0, 'nanos': 0}}, {'day': 2, 'startTime': {'hours': 8, 'minutes': 0, 'seconds': 0, 'nanos': 0}, 'endTime': {'hours': 16, 'minutes': 30, 'seconds': 0, 'nanos': 0}}, {'day': 3, 'startTime': {'hours': 8, 'minutes': 0, 'seconds': 0, 'nanos': 0}, 'endTime': {'hours': 16, 'minutes': 30, 'seconds': 0, 'nanos': 0}}, {'day': 4, 'startTime': {'hours': 8, 'minutes': 0, 'seconds': 0, 'nanos': 0}, 'endTime': {'hours': 16, 'minutes': 30, 'seconds': 0, 'nanos': 0}}, {'day': 5, 'startTime': {'hours': 8, 'minutes': 0, 'seconds': 0, 'nanos': 0}, 'endTime': {'hours': 16, 'minutes': 30, 'seconds': 0, 'nanos': 0}}, {'day': 6, 'startTime': {'hours': 8, 'minutes': 0, 'seconds': 0, 'nanos': 0}, 'endTime': {'hours': 16, 'minutes': 30, 'seconds': 0, 'nanos': 0}}, {'day': 7, 'startTime': {'hours': 8, 'minutes': 0, 'seconds': 0, 'nanos': 0}, 'endTime': {'hours': 16, 'minutes': 30, 'seconds': 0, 'nanos': 0}}]",2016-06-20T10:27:25.763Z,,"[{'key': 'tenants/gofood/tags/CUISINE_SNACKS_JAJANAN', 'tenantUid': 'gofood', 'uid': 'CUISINE_SNACKS_JAJANAN', 'displayName': 'Jajanan', 'description': '', 'taxonomy': 2, 'parentKey': ''}, {'key': 'tenants/gofood/tags/CUISINE_ANEKA_NASI', 'tenantUid': 'gofood', 'uid': 'CUISINE_ANEKA_NASI', 'displayName': 'Aneka nasi', 'description': '', 'taxonomy': 2, 'parentKey': ''}]",-7.7485575,110.4119942,Lotek & Gado - Gado Bu Bagyo,2023-11-19T09:30:00.000Z,55821.0,Kota Yogyakarta,False
899bacb5-e398-4088-8d14-3a8aa13231d5,"{'average': 4.5, 'total': 0}",3,"Bakpia Pathok 52, Sanggrahan Pathok",,1,"[{'day': 1, 'startTime': {'hours': 7, 'minutes': 0, 'seconds': 0, 'nanos': 0}, 'endTime': {'hours': 21, 'minutes': 0, 'seconds': 0, 'nanos': 0}}, {'day': 2, 'startTime': {'hours': 7, 'minutes': 0, 'seconds': 0, 'nanos': 0}, 'endTime': {'hours': 21, 'minutes': 0, 'seconds': 0, 'nanos': 0}}, {'day': 3, 'startTime': {'hours': 7, 'minutes': 0, 'seconds': 0, 'nanos': 0}, 'endTime': {'hours': 21, 'minutes': 0, 'seconds': 0, 'nanos': 0}}, {'day': 4, 'startTime': {'hours': 7, 'minutes': 0, 'seconds': 0, 'nanos': 0}, 'endTime': {'hours': 21, 'minutes': 0, 'seconds': 0, 'nanos': 0}}, {'day': 5, 'startTime': {'hours': 7, 'minutes': 0, 'seconds': 0, 'nanos': 0}, 'endTime': {'hours': 21, 'minutes': 0, 'seconds': 0, 'nanos': 0}}, {'day': 6, 'startTime': {'hours': 7, 'minutes': 0, 'seconds': 0, 'nanos': 0}, 'endTime': {'hours': 21, 'minutes': 0, 'seconds': 0, 'nanos': 0}}, {'day': 7, 'startTime': {'hours': 7, 'minutes': 0, 'seconds': 0, 'nanos': 0}, 'endTime': {'hours': 21, 'minutes': 0, 'seconds': 0, 'nanos': 0}}]",2019-07-15T16:59:12.577Z,,"[{'key': 'tenants/gofood/tags/CUISINE_SNACKS_JAJANAN', 'tenantUid': 'gofood', 'uid': 'CUISINE_SNACKS_JAJANAN', 'displayName': 'Jajanan', 'description': '', 'taxonomy': 2, 'parentKey': ''}, {'key': 'tenants/gofood/tags/CUISINE_ROTI', 'tenantUid': 'gofood', 'uid': 'CUISINE_ROTI', 'displayName': 'Roti', 'description': '', 'taxonomy': 2, 'parentKey': ''}]",-7.796384432241084,110.35828996449708,Bakpia Pathok 52 Premium,2023-11-19T14:00:00.000Z,55261.0, Kota Yogyakarta,False
6c7103f1-12fb-4968-b0ec-e0e1607940d7,"{'average': 4.7, 'total': 0}",2,"Gudeg Jogja Bu Mur 2, Condongcatur",,1,"[{'day': 1, 'startTime': {'hours': 0, 'minutes': 0, 'seconds': 0, 'nanos': 0}, 'endTime': {'hours': 23, 'minutes': 59, 'seconds': 0, 'nanos': 0}}, {'day': 2, 'startTime': {'hours': 0, 'minutes': 0, 'seconds': 0, 'nanos': 0}, 'endTime': {'hours': 23, 'minutes': 59, 'seconds': 0, 'nanos': 0}}, {'day': 3, 'startTime': {'hours': 0, 'minutes': 0, 'seconds': 0, 'nanos': 0}, 'endTime': {'hours': 23, 'minutes': 59, 'seconds': 0, 'nanos': 0}}, {'day': 4, 'startTime': {'hours': 0, 'minutes': 0, 'seconds': 0, 'nanos': 0}, 'endTime': {'hours': 23, 'minutes': 59, 'seconds': 0, 'nanos': 0}}, {'day': 5, 'startTime': {'hours': 0, 'minutes': 0, 'seconds': 0, 'nanos': 0}, 'endTime': {'hours': 23, 'minutes': 59, 'seconds': 0, 'nanos': 0}}, {'day': 6, 'startTime': {'hours': 0, 'minutes': 0, 'seconds': 0, 'nanos': 0}, 'endTime': {'hours': 23, 'minutes': 59, 'seconds': 0, 'nanos': 0}}, {'day': 7, 'startTime': {'hours': 0, 'minutes': 0, 'seconds': 0, 'nanos': 0}, 'endTime': {'hours': 23, 'minutes': 59, 'seconds': 0, 'nanos': 0}}]",2021-09-10T11:56:22.466Z,,"[{'key': 'tenants/gofood/tags/CUISINE_ANEKA_NASI', 'tenantUid': 'gofood', 'uid': 'CUISINE_ANEKA_NASI', 'displayName': 'Aneka nasi', 'description': '', 'taxonomy': 2, 'parentKey': ''}]",-7.755117999999999,110.409954,Gudeg Jogja Bu Mur,,55821.0,Kota Yogyakarta,False
102058ef-8745-4cf5-9d8b-2dd21f852100,"{'average': 4.7, 'total': 0}",3,"Gudeg Song Djie Bu Atmo, Kuncen",,1,"[{'day': 1, 'startTime': {'hours': 7, 'minutes': 0, 'seconds': 0, 'nanos': 0}, 'endTime': {'hours': 21, 'minutes': 0, 'seconds': 0, 'nanos': 0}}, {'day': 2, 'startTime': {'hours': 7, 'minutes': 0, 'seconds': 0, 'nanos': 0}, 'endTime': {'hours': 21, 'minutes': 0, 'seconds': 0, 'nanos': 0}}, {'day': 3, 'startTime': {'hours': 6, 'minutes': 30, 'seconds': 0, 'nanos': 0}, 'endTime': {'hours': 21, 'minutes': 0, 'seconds': 0, 'nanos': 0}}, {'day': 4, 'startTime': {'hours': 7, 'minutes': 0, 'seconds': 0, 'nanos': 0}, 'endTime': {'hours': 21, 'minutes': 0, 'seconds': 0, 'nanos': 0}}, {'day': 5, 'startTime': {'hours': 6, 'minutes': 30, 'seconds': 0, 'nanos': 0}, 'endTime': {'hours': 21, 'minutes': 0, 'seconds': 0, 'nanos': 0}}, {'day': 6, 'startTime': {'hours': 6, 'minutes': 30, 'seconds': 0, 'nanos': 0}, 'endTime': {'hours': 21, 'minutes': 0, 'seconds': 0, 'nanos': 0}}, {'day': 7, 'startTime': {'hours': 6, 'minutes': 45, 'seconds': 0, 'nanos': 0}, 'endTime': {'hours': 21, 'minutes': 0, 'seconds': 0, 'nanos': 0}}]",2016-06-20T10:28:00.736Z,,"[{'key': 'tenants/gofood/tags/CUISINE_ANEKA_AYAM_BEBEK', 'tenantUid': 'gofood', 'uid': 'CUISINE_ANEKA_AYAM_BEBEK', 'displayName': 'Ayam & bebek', 'description': '', 'taxonomy': 2, 'parentKey': ''}, {'key': 'tenants/gofood/tags/CUISINE_ANEKA_NASI', 'tenantUid': 'gofood', 'uid': 'CUISINE_ANEKA_NASI', 'displayName': 'Aneka nasi', 'description': '', 'taxonomy': 2, 'parentKey': ''}]",-7.798737331189448,110.35211584883687,Gudeg Song Djie Bu Atmo,2023-11-19T14:00:00.000Z,55253.0, Kota Yogyakarta,False
7fded2fc-f424-4df2-8ef3-5d272e63d187,"{'average': 4.6, 'total': 0}",1,"Soto Kadipiro Baru 2, Wates",,1,"[{'day': 1, 'startTime': {'hours': 6, 'minutes': 0, 'seconds': 0, 'nanos': 0}, 'endTime': {'hours': 20, 'minutes': 30, 'seconds': 0, 'nanos': 0}}, {'day': 2, 'startTime': {'hours': 6, 'minutes': 0, 'seconds': 0, 'nanos': 0}, 'endTime': {'hours': 20, 'minutes': 30, 'seconds': 0, 'nanos': 0}}, {'day': 3, 'startTime': {'hours': 6, 'minutes': 0, 'seconds': 0, 'nanos': 0}, 'endTime': {'hours': 20, 'minutes': 30, 'seconds': 0, 'nanos': 0}}, {'day': 4, 'startTime': {'hours': 6, 'minutes': 0, 'seconds': 0, 'nanos': 0}, 'endTime': {'hours': 20, 'minutes': 30, 'seconds': 0, 'nanos': 0}}, {'day': 5, 'startTime': {'hours': 6, 'minutes': 0, 'seconds': 0, 'nanos': 0}, 'endTime': {'hours': 20, 'minutes': 30, 'seconds': 0, 'nanos': 0}}, {'day': 6, 'startTime': {'hours': 6, 'minutes': 0, 'seconds': 0, 'nanos': 0}, 'endTime': {'hours': 20, 'minutes': 30, 'seconds': 0, 'nanos': 0}}, {'day': 7, 'startTime': {'hours': 6, 'minutes': 0, 'seconds': 0, 'nanos': 0}, 'endTime': {'hours': 20, 'minutes': 30, 'seconds': 0, 'nanos': 0}}]",2016-06-20T10:26:30.936Z,,"[{'key': 'tenants/gofood/tags/CUISINE_SOTO_BAKSO_SOP', 'tenantUid': 'gofood', 'uid': 'CUISINE_SOTO_BAKSO_SOP', 'displayName': 'Bakso & soto', 'description': '', 'taxonomy': 2, 'parentKey': ''}]",-7.800893,110.345123,Soto Kadipiro Baru,2023-11-19T13:30:00.000Z,55253.0, Kota Yogyakarta,False
4d2541ec-7fd7-4f9a-ae92-b85455460b3f,"{'average': 4.5, 'total': 0}",3,"Gudeg Yu Djum, Kadipiro",,1,"[{'day': 1, 'startTime': {'hours': 6, 'minutes': 0, 'seconds': 0, 'nanos': 0}, 'endTime': {'hours': 21, 'minutes': 0, 'seconds': 0, 'nanos': 0}}, {'day': 2, 'startTime': {'hours': 6, 'minutes': 0, 'seconds': 0, 'nanos': 0}, 'endTime': {'hours': 21, 'minutes': 0, 'seconds': 0, 'nanos': 0}}, {'day': 3, 'startTime': {'hours': 6, 'minutes': 0, 'seconds': 0, 'nanos': 0}, 'endTime': {'hours': 21, 'minutes': 0, 'seconds': 0, 'nanos': 0}}, {'day': 4, 'startTime': {'hours': 6, 'minutes': 0, 'seconds': 0, 'nanos': 0}, 'endTime': {'hours': 21, 'minutes': 0, 'seconds': 0, 'nanos': 0}}, {'day': 5, 'startTime': {'hours': 6, 'minutes': 0, 'seconds': 0, 'nanos': 0}, 'endTime': {'hours': 21, 'minutes': 0, 'seconds': 0, 'nanos': 0}}, {'day': 6, 'startTime': {'hours': 6, 'minutes': 0, 'seconds': 0, 'nanos': 0}, 'endTime': {'hours': 21, 'minutes': 0, 'seconds': 0, 'nanos': 0}}, {'day': 7, 'startTime': {'hours': 6, 'minutes': 0, 'seconds': 0, 'nanos': 0}, 'endTime': {'hours': 21, 'minutes': 0, 'seconds': 0, 'nanos': 0}}]",2022-10-22T16:24:32.532Z,,"[{'key': 'tenants/gofood/tags/CUISINE_ANEKA_NASI', 'tenantUid': 'gofood', 'uid': 'CUISINE_ANEKA_NASI', 'displayName': 'Aneka nasi', 'description': '', 'taxonomy': 2, 'parentKey': ''}]",-7.800936560664601,110.3454301133752,"Gudeg Yu Djum, Kaliurang",2023-11-19T14:00:00.000Z,55253.0, Kota Yogyakarta,False
ec59e64c-7f2f-4613-b9e3-6c7be31ad906,"{'average': 4.6, 'total': 0}",2,"Sate Klathak dan Bakmi Jowo Pak Jede, Nologaten",,1,"[{'day': 1, 'startTime': {'hours': 10, 'minutes': 0, 'seconds': 0, 'nanos': 0}, 'endTime': {'hours': 22, 'minutes': 30, 'seconds': 0, 'nanos': 0}}, {'day': 2, 'startTime': {'hours': 10, 'minutes': 0, 'seconds': 0, 'nanos': 0}, 'endTime': {'hours': 22, 'minutes': 30, 'seconds': 0, 'nanos': 0}}, {'day': 3, 'startTime': {'hours': 10, 'minutes': 0, 'seconds': 0, 'nanos': 0}, 'endTime': {'hours': 22, 'minutes': 30, 'seconds': 0, 'nanos': 0}}, {'day': 4, 'startTime': {'hours': 10, 'minutes': 0, 'seconds': 0, 'nanos': 0}, 'endTime': {'hours': 22, 'minutes': 30, 'seconds': 0, 'nanos': 0}}, {'day': 5, 'startTime': {'hours': 10, 'minutes': 0, 'seconds': 0, 'nanos': 0}, 'endTime': {'hours': 11, 'minutes': 30, 'seconds': 0, 'nanos': 0}}, {'day': 5, 'startTime': {'hours': 13, 'minutes': 0, 'seconds': 0, 'nanos': 0}, 'endTime': {'hours': 22, 'minutes': 30, 'seconds': 0, 'nanos': 0}}, {'day': 6, 'startTime': {'hours': 10, 'minutes': 0, 'seconds': 0, 'nanos': 0}, 'endTime': {'hours': 22, 'minutes': 30, 'seconds': 0, 'nanos': 0}}, {'day': 7, 'startTime': {'hours': 10, 'minutes': 0, 'seconds': 0, 'nanos': 0}, 'endTime': {'hours': 22, 'minutes': 30, 'seconds': 0, 'nanos': 0}}]",2016-06-20T10:25:22.422Z,,"[{'key': 'tenants/gofood/tags/CUISINE_BAKMIE', 'tenantUid': 'gofood', 'uid': 'CUISINE_BAKMIE', 'displayName': 'Bakmie', 'description': '', 'taxonomy': 2, 'parentKey': ''}, {'key': 'tenants/gofood/tags/CUISINE_SATE', 'tenantUid': 'gofood', 'uid': 'CUISINE_SATE', 'displayName': 'Sate', 'description': '', 'taxonomy': 2, 'parentKey': ''}]",-7.7740044,110.4010051,Sate Klatak Pak Jede,2023-11-19T15:30:00.000Z,55281.0, Kabupaten Sleman,False
b1186b4e-997d-4d74-9570-11f68c606d21,"{'average': 4.7, 'total': 0}",1,Bakmi Jawa Mas Ari,,1,"[{'day': 1, 'startTime': {'hours': 0, 'minutes': 0, 'seconds': 0, 'nanos': 0}, 'endTime': {'hours': 23, 'minutes': 59, 'seconds': 0, 'nanos': 0}}, {'day': 2, 'startTime': {'hours': 0, 'minutes': 0, 'seconds': 0, 'nanos': 0}, 'endTime': {'hours': 23, 'minutes': 59, 'seconds': 0, 'nanos': 0}}, {'day': 3, 'startTime': {'hours': 0, 'minutes': 0, 'seconds': 0, 'nanos': 0}, 'endTime': {'hours': 23, 'minutes': 59, 'seconds': 0, 'nanos': 0}}, {'day': 4, 'startTime': {'hours': 0, 'minutes': 0, 'seconds': 0, 'nanos': 0}, 'endTime': {'hours': 23, 'minutes': 59, 'seconds': 0, 'nanos': 0}}, {'day': 5, 'startTime': {'hours': 0, 'minutes': 0, 'seconds': 0, 'nanos': 0}, 'endTime': {'hours': 23, 'minutes': 59, 'seconds': 0, 'nanos': 0}}, {'day': 6, 'startTime': {'hours': 0, 'minutes': 0, 'seconds': 0, 'nanos': 0}, 'endTime': {'hours': 23, 'minutes': 59, 'seconds': 0, 'nanos': 0}}, {'day': 7, 'startTime': {'hours': 0, 'minutes': 0, 'seconds': 0, 'nanos': 0}, 'endTime': {'hours': 23, 'minutes': 59, 'seconds': 0, 'nanos': 0}}]",2020-11-16T10:48:55.691Z,,"[{'key': 'tenants/gofood/tags/CUISINE_BAKMIE', 'tenantUid': 'gofood', 'uid': 'CUISINE_BAKMIE', 'displayName': 'Bakmie', 'description': '', 'taxonomy': 2, 'parentKey': ''}, {'key': 'tenants/gofood/tags/CUISINE_ANEKA_NASI', 'tenantUid': 'gofood', 'uid': 'CUISINE_ANEKA_NASI', 'displayName': 'Aneka nasi', 'description': '', 'taxonomy': 2, 'parentKey': ''}]",-7.779767281837545,110.39997182786465,"Bakmi Jawa Mas Ari, SRI SUMARSIH",,55221.0, Kota Yogyakarta,False
4744491b-c19f-4250-9ff6-7a9b3e0f16a1,"{'average': 4.5, 'total': 0}",1,"Lotek & Gado - Gado Colombo Bu Ary, Kledokan",,1,"[{'day': 1, 'startTime': {'hours': 8, 'minutes': 30, 'seconds': 0, 'nanos': 0}, 'endTime': {'hours': 21, 'minutes': 0, 'seconds': 0, 'nanos': 0}}, {'day': 2, 'startTime': {'hours': 8, 'minutes': 30, 'seconds': 0, 'nanos': 0}, 'endTime': {'hours': 21, 'minutes': 0, 'seconds': 0, 'nanos': 0}}, {'day': 3, 'startTime': {'hours': 8, 'minutes': 30, 'seconds': 0, 'nanos': 0}, 'endTime': {'hours': 21, 'minutes': 0, 'seconds': 0, 'nanos': 0}}, {'day': 4, 'startTime': {'hours': 8, 'minutes': 30, 'seconds': 0, 'nanos': 0}, 'endTime': {'hours': 21, 'minutes': 0, 'seconds': 0, 'nanos': 0}}, {'day': 5, 'startTime': {'hours': 8, 'minutes': 30, 'seconds': 0, 'nanos': 0}, 'endTime': {'hours': 21, 'minutes': 0, 'seconds': 0, 'nanos': 0}}, {'day': 6, 'startTime': {'hours': 8, 'minutes': 30, 'seconds': 0, 'nanos': 0}, 'endTime': {'hours': 21, 'minutes': 0, 'seconds': 0, 'nanos': 0}}, {'day': 7, 'startTime': {'hours': 8, 'minutes': 30, 'seconds': 0, 'nanos': 0}, 'endTime': {'hours': 21, 'minutes': 0, 'seconds': 0, 'nanos': 0}}]",2018-01-15T05:30:44.560Z,,"[{'key': 'tenants/gofood/tags/CUISINE_ANEKA_NASI', 'tenantUid': 'gofood', 'uid': 'CUISINE_ANEKA_NASI', 'displayName': 'Aneka nasi', 'description': '', 'taxonomy': 2, 'parentKey': ''}]",-7.765411605119774,110.41223148869344,"Lotek & Gado - Gado Colombo Bu Ary, Yk",2023-11-19T14:00:00.000Z,55821.0,Kota Yogyakarta,False
013ccfd3-bd25-4736-ac53-cc27ccfb2e2d,"{'average': 4.2, 'total': 0}",3,"Gudeg Mbarek Bu Hj. Amad, Alun-Alun Utara",,1,"[{'day': 1, 'startTime': {'hours': 5, 'minutes': 30, 'seconds': 0, 'nanos': 0}, 'endTime': {'hours': 22, 'minutes': 0, 'seconds': 0, 'nanos': 0}}, {'day': 2, 'startTime': {'hours': 5, 'minutes': 30, 'seconds': 0, 'nanos': 0}, 'endTime': {'hours': 22, 'minutes': 0, 'seconds': 0, 'nanos': 0}}, {'day': 3, 'startTime': {'hours': 5, 'minutes': 30, 'seconds': 0, 'nanos': 0}, 'endTime': {'hours': 22, 'minutes': 0, 'seconds': 0, 'nanos': 0}}, {'day': 4, 'startTime': {'hours': 5, 'minutes': 15, 'seconds': 0, 'nanos': 0}, 'endTime': {'hours': 22, 'minutes': 0, 'seconds': 0, 'nanos': 0}}, {'day': 5, 'startTime': {'hours': 5, 'minutes': 30, 'seconds': 0, 'nanos': 0}, 'endTime': {'hours': 22, 'minutes': 0, 'seconds': 0, 'nanos': 0}}, {'day': 6, 'startTime': {'hours': 5, 'minutes': 0, 'seconds': 0, 'nanos': 0}, 'endTime': {'hours': 22, 'minutes': 0, 'seconds': 0, 'nanos': 0}}, {'day': 7, 'startTime': {'hours': 5, 'minutes': 0, 'seconds': 0, 'nanos': 0}, 'endTime': {'hours': 22, 'minutes': 0, 'seconds': 0, 'nanos': 0}}]",2016-06-20T10:28:03.309Z,,"[{'key': 'tenants/gofood/tags/CUISINE_ANEKA_NASI', 'tenantUid': 'gofood', 'uid': 'CUISINE_ANEKA_NASI', 'displayName': 'Aneka nasi', 'description': '', 'taxonomy': 2, 'parentKey': ''}]",-7.8028034,110.3634476,Gudeg Mbarek Bu Hj. Amad,2023-11-19T15:00:00.000Z,55000.0,Kota Yogyakarta,False
f9cfad01-b92e-4788-a4e0-b0788e5c3d4e,"{'average': 4.5, 'total': 0}",2,"Gudeg Areh Ayam Kampung Ibu Suradi, Ambarukmo",,1,"[{'day': 1, 'startTime': {'hours': 6, 'minutes': 0, 'seconds': 0, 'nanos': 0}, 'endTime': {'hours': 21, 'minutes': 0, 'seconds': 0, 'nanos': 0}}, {'day': 2, 'startTime': {'hours': 6, 'minutes': 0, 'seconds': 0, 'nanos': 0}, 'endTime': {'hours': 21, 'minutes': 0, 'seconds': 0, 'nanos': 0}}, {'day': 3, 'startTime': {'hours': 6, 'minutes': 0, 'seconds': 0, 'nanos': 0}, 'endTime': {'hours': 21, 'minutes': 0, 'seconds': 0, 'nanos': 0}}, {'day': 4, 'startTime': {'hours': 6, 'minutes': 0, 'seconds': 0, 'nanos': 0}, 'endTime': {'hours': 21, 'minutes': 0, 'seconds': 0, 'nanos': 0}}, {'day': 5, 'startTime': {'hours': 6, 'minutes': 0, 'seconds': 0, 'nanos': 0}, 'endTime': {'hours': 21, 'minutes': 0, 'seconds': 0, 'nanos': 0}}, {'day': 6, 'startTime': {'hours': 9, 'minutes': 0, 'seconds': 0, 'nanos': 0}, 'endTime': {'hours': 21, 'minutes': 0, 'seconds': 0, 'nanos': 0}}, {'day': 7, 'startTime': {'hours': 6, 'minutes': 0, 'seconds': 0, 'nanos': 0}, 'endTime': {'hours': 21, 'minutes': 0, 'seconds': 0, 'nanos': 0}}]",2020-11-03T12:41:21.304Z,,"[{'key': 'tenants/gofood/tags/CUISINE_ANEKA_NASI', 'tenantUid': 'gofood', 'uid': 'CUISINE_ANEKA_NASI', 'displayName': 'Aneka nasi', 'description': '', 'taxonomy': 2, 'parentKey': ''}]",-7.7838001,110.3998692,"Gudeg Areh Ayam Kampung Ibu Suradi, Ambarukmo",2023-11-19T14:00:00.000Z,55281.0, Kabupaten Sleman,False
08bfba6d-3578-4653-ba9f-853b0e43f477,"{'average': 4.7, 'total': 0}",3,Gudeg Wijilan Bu is,,1,"[{'day': 1, 'startTime': {'hours': 6, 'minutes': 0, 'seconds': 0, 'nanos': 0}, 'endTime': {'hours': 21, 'minutes': 0, 'seconds': 0, 'nanos': 0}}, {'day': 2, 'startTime': {'hours': 6, 'minutes': 0, 'seconds': 0, 'nanos': 0}, 'endTime': {'hours': 21, 'minutes': 0, 'seconds': 0, 'nanos': 0}}, {'day': 3, 'startTime': {'hours': 6, 'minutes': 0, 'seconds': 0, 'nanos': 0}, 'endTime': {'hours': 21, 'minutes': 0, 'seconds': 0, 'nanos': 0}}, {'day': 4, 'startTime': {'hours': 6, 'minutes': 0, 'seconds': 0, 'nanos': 0}, 'endTime': {'hours': 21, 'minutes': 0, 'seconds': 0, 'nanos': 0}}, {'day': 5, 'startTime': {'hours': 6, 'minutes': 0, 'seconds': 0, 'nanos': 0}, 'endTime': {'hours': 21, 'minutes': 0, 'seconds': 0, 'nanos': 0}}, {'day': 6, 'startTime': {'hours': 6, 'minutes': 0, 'seconds': 0, 'nanos': 0}, 'endTime': {'hours': 21, 'minutes': 0, 'seconds': 0, 'nanos': 0}}, {'day': 7, 'startTime': {'hours': 6, 'minutes': 0, 'seconds': 0, 'nanos': 0}, 'endTime': {'hours': 21, 'minutes': 0, 'seconds': 0, 'nanos': 0}}]",2020-11-04T12:59:22.000Z,,"[{'key': 'tenants/gofood/tags/CUISINE_ANEKA_NASI', 'tenantUid': 'gofood', 'uid': 'CUISINE_ANEKA_NASI', 'displayName': 'Aneka nasi', 'description': '', 'taxonomy': 2, 'parentKey': ''}, {'key': 'tenants/gofood/tags/CUISINE_ANEKA_AYAM_BEBEK', 'tenantUid': 'gofood', 'uid': 'CUISINE_ANEKA_AYAM_BEBEK', 'displayName': 'Ayam & bebek', 'description': '', 'taxonomy': 2, 'parentKey': ''}]",-7.803927771026406,110.3666738793254,"Gudeg Wijilan Bu is, Arief Ardhiantama",2023-11-19T14:00:00.000Z,55000.0,Kota Yogyakarta,False
056f689c-75a0-4f4b-8edf-ba38f580842d,"{'average': 4.4, 'total': 0}",2,"Gudeg Yu Narni, Ngasem",,1,"[{'day': 1, 'startTime': {'hours': 5, 'minutes': 45, 'seconds': 0, 'nanos': 0}, 'endTime': {'hours': 18, 'minutes': 15, 'seconds': 0, 'nanos': 0}}, {'day': 2, 'startTime': {'hours': 5, 'minutes': 45, 'seconds': 0, 'nanos': 0}, 'endTime': {'hours': 18, 'minutes': 15, 'seconds': 0, 'nanos': 0}}, {'day': 3, 'startTime': {'hours': 5, 'minutes': 45, 'seconds': 0, 'nanos': 0}, 'endTime': {'hours': 18, 'minutes': 15, 'seconds': 0, 'nanos': 0}}, {'day': 4, 'startTime': {'hours': 5, 'minutes': 45, 'seconds': 0, 'nanos': 0}, 'endTime': {'hours': 18, 'minutes': 15, 'seconds': 0, 'nanos': 0}}, {'day': 5, 'startTime': {'hours': 5, 'minutes': 45, 'seconds': 0, 'nanos': 0}, 'endTime': {'hours': 18, 'minutes': 15, 'seconds': 0, 'nanos': 0}}, {'day': 6, 'startTime': {'hours': 5, 'minutes': 45, 'seconds': 0, 'nanos': 0}, 'endTime': {'hours': 18, 'minutes': 15, 'seconds': 0, 'nanos': 0}}, {'day': 7, 'startTime': {'hours': 5, 'minutes': 45, 'seconds': 0, 'nanos': 0}, 'endTime': {'hours': 18, 'minutes': 15, 'seconds': 0, 'nanos': 0}}]",2020-12-01T09:01:15.943Z,,"[{'key': 'tenants/gofood/tags/CUISINE_ANEKA_NASI', 'tenantUid': 'gofood', 'uid': 'CUISINE_ANEKA_NASI', 'displayName': 'Aneka nasi', 'description': '', 'taxonomy': 2, 'parentKey': ''}]",-7.806626,110.360182,Gudeg Yu Narni - Noni Vinaya,2023-11-19T11:15:00.000Z,55132.0, Kota Yogyakarta,False
9fb181b3-3aeb-4276-97d7-60ec0276f1ee,"{'average': 4.8, 'total': 0}",3,"Bakpia Bakpiaku, Sultan Agung",,1,"[{'day': 1, 'startTime': {'hours': 6, 'minutes': 15, 'seconds': 0, 'nanos': 0}, 'endTime': {'hours': 21, 'minutes': 45, 'seconds': 0, 'nanos': 0}}, {'day': 2, 'startTime': {'hours': 6, 'minutes': 15, 'seconds': 0, 'nanos': 0}, 'endTime': {'hours': 21, 'minutes': 45, 'seconds': 0, 'nanos': 0}}, {'day': 3, 'startTime': {'hours': 6, 'minutes': 15, 'seconds': 0, 'nanos': 0}, 'endTime': {'hours': 21, 'minutes': 45, 'seconds': 0, 'nanos': 0}}, {'day': 4, 'startTime': {'hours': 6, 'minutes': 15, 'seconds': 0, 'nanos': 0}, 'endTime': {'hours': 21, 'minutes': 45, 'seconds': 0, 'nanos': 0}}, {'day': 5, 'startTime': {'hours': 6, 'minutes': 15, 'seconds': 0, 'nanos': 0}, 'endTime': {'hours': 21, 'minutes': 45, 'seconds': 0, 'nanos': 0}}, {'day': 6, 'startTime': {'hours': 6, 'minutes': 15, 'seconds': 0, 'nanos': 0}, 'endTime': {'hours': 21, 'minutes': 45, 'seconds': 0, 'nanos': 0}}, {'day': 7, 'startTime': {'hours': 6, 'minutes': 15, 'seconds': 0, 'nanos': 0}, 'endTime': {'hours': 21, 'minutes': 45, 'seconds': 0, 'nanos': 0}}]",2020-04-13T12:01:44.355Z,,"[{'key': 'tenants/gofood/tags/CUISINE_SNACKS_JAJANAN', 'tenantUid': 'gofood', 'uid': 'CUISINE_SNACKS_JAJANAN', 'displayName': 'Jajanan', 'description': '', 'taxonomy': 2, 'parentKey': ''}, {'key': 'tenants/gofood/tags/CUISINE_ROTI', 'tenantUid': 'gofood', 'uid': 'CUISINE_ROTI', 'displayName': 'Roti', 'description': '', 'taxonomy': 2, 'parentKey': ''}]",-7.801635,110.378902,Bakpiaku,2023-11-19T14:45:00.000Z,55167.0, Kota Yogyakarta,False
2002c7dc-3de0-4752-8d09-c572d84c6376,"{'average': 4.6, 'total': 0}",2,Gudeg Mercon Bu Murni,,1,"[{'day': 1, 'startTime': {'hours': 0, 'minutes': 0, 'seconds': 0, 'nanos': 0}, 'endTime': {'hours': 23, 'minutes': 59, 'seconds': 0, 'nanos': 0}}, {'day': 2, 'startTime': {'hours': 0, 'minutes': 0, 'seconds': 0, 'nanos': 0}, 'endTime': {'hours': 23, 'minutes': 59, 'seconds': 0, 'nanos': 0}}, {'day': 3, 'startTime': {'hours': 0, 'minutes': 0, 'seconds': 0, 'nanos': 0}, 'endTime': {'hours': 23, 'minutes': 59, 'seconds': 0, 'nanos': 0}}, {'day': 4, 'startTime': {'hours': 0, 'minutes': 0, 'seconds': 0, 'nanos': 0}, 'endTime': {'hours': 23, 'minutes': 59, 'seconds': 0, 'nanos': 0}}, {'day': 5, 'startTime': {'hours': 0, 'minutes': 0, 'seconds': 0, 'nanos': 0}, 'endTime': {'hours': 23, 'minutes': 59, 'seconds': 0, 'nanos': 0}}, {'day': 6, 'startTime': {'hours': 0, 'minutes': 0, 'seconds': 0, 'nanos': 0}, 'endTime': {'hours': 23, 'minutes': 59, 'seconds': 0, 'nanos': 0}}, {'day': 7, 'startTime': {'hours': 0, 'minutes': 0, 'seconds': 0, 'nanos': 0}, 'endTime': {'hours': 23, 'minutes': 59, 'seconds': 0, 'nanos': 0}}]",2021-11-22T15:08:12.908Z,,"[{'key': 'tenants/gofood/tags/CUISINE_ANEKA_NASI', 'tenantUid': 'gofood', 'uid': 'CUISINE_ANEKA_NASI', 'displayName': 'Aneka nasi', 'description': '', 'taxonomy': 2, 'parentKey': ''}, {'key': 'tenants/gofood/tags/CUISINE_SNACKS_JAJANAN', 'tenantUid': 'gofood', 'uid': 'CUISINE_SNACKS_JAJANAN', 'displayName': 'Jajanan', 'description': '', 'taxonomy': 2, 'parentKey': ''}, {'key': 'tenants/gofood/tags/CUISINE_ANEKA_AYAM_BEBEK', 'tenantUid': 'gofood', 'uid': 'CUISINE_ANEKA_AYAM_BEBEK', 'displayName': 'Ayam & bebek', 'description': '', 'taxonomy': 2, 'parentKey': ''}]",-7.813862222563743,110.33550426363944,"Gudeg Mercon Bu Murni, Tukijan Hadiwiyono",,55181.0, Kabupaten Bantul,False
024edb32-43f4-460c-bdc4-8315254d12ea,"{'average': 4.6, 'total': 0}",2,"Lotek Gado-Gado Bu Ning, Tamansiswa",,1,"[{'day': 1, 'startTime': {'hours': 9, 'minutes': 0, 'seconds': 0, 'nanos': 0}, 'endTime': {'hours': 18, 'minutes': 0, 'seconds': 0, 'nanos': 0}}, {'day': 2, 'startTime': {'hours': 9, 'minutes': 0, 'seconds': 0, 'nanos': 0}, 'endTime': {'hours': 18, 'minutes': 0, 'seconds': 0, 'nanos': 0}}, {'day': 3, 'startTime': {'hours': 9, 'minutes': 0, 'seconds': 0, 'nanos': 0}, 'endTime': {'hours': 18, 'minutes': 0, 'seconds': 0, 'nanos': 0}}, {'day': 4, 'startTime': {'hours': 9, 'minutes': 0, 'seconds': 0, 'nanos': 0}, 'endTime': {'hours': 18, 'minutes': 0, 'seconds': 0, 'nanos': 0}}, {'day': 5, 'startTime': {'hours': 9, 'minutes': 0, 'seconds': 0, 'nanos': 0}, 'endTime': {'hours': 18, 'minutes': 0, 'seconds': 0, 'nanos': 0}}, {'day': 6, 'startTime': {'hours': 9, 'minutes': 30, 'seconds': 0, 'nanos': 0}, 'endTime': {'hours': 18, 'minutes': 0, 'seconds': 0, 'nanos': 0}}, {'day': 7, 'startTime': {'hours': 9, 'minutes': 0, 'seconds': 0, 'nanos': 0}, 'endTime': {'hours': 18, 'minutes': 0, 'seconds': 0, 'nanos': 0}}]",2019-03-20T13:18:52.231Z,,"[{'key': 'tenants/gofood/tags/CUISINE_ANEKA_NASI', 'tenantUid': 'gofood', 'uid': 'CUISINE_ANEKA_NASI', 'displayName': 'Aneka nasi', 'description': '', 'taxonomy': 2, 'parentKey': ''}, {'key': 'tenants/gofood/tags/CUISINE_ANEKA_AYAM_BEBEK', 'tenantUid': 'gofood', 'uid': 'CUISINE_ANEKA_AYAM_BEBEK', 'displayName': 'Ayam & bebek', 'description': '', 'taxonomy': 2, 'parentKey': ''}, {'key': 'tenants/gofood/tags/CUISINE_SOTO_BAKSO_SOP', 'tenantUid': 'gofood', 'uid': 'CUISINE_SOTO_BAKSO_SOP', 'displayName': 'Bakso & soto', 'description': '', 'taxonomy': 2, 'parentKey': ''}]",-7.803824,110.379558,Lotek Gado-Gado Bu Ning Tamansiswa,2023-11-19T11:00:00.000Z,55167.0, Kota Yogyakarta,False
562b2629-1591-4d8d-95bb-1cd00946899a,"{'average': 4.7, 'total': 0}",1,"Lotek & Gado - Gado Bu Nur, Gatak",,1,"[{'day': 1, 'startTime': {'hours': 8, 'minutes': 0, 'seconds': 0, 'nanos': 0}, 'endTime': {'hours': 16, 'minutes': 0, 'seconds': 0, 'nanos': 0}}, {'day': 2, 'startTime': {'hours': 8, 'minutes': 0, 'seconds': 0, 'nanos': 0}, 'endTime': {'hours': 16, 'minutes': 0, 'seconds': 0, 'nanos': 0}}, {'day': 3, 'startTime': {'hours': 8, 'minutes': 0, 'seconds': 0, 'nanos': 0}, 'endTime': {'hours': 16, 'minutes': 0, 'seconds': 0, 'nanos': 0}}, {'day': 4, 'startTime': {'hours': 8, 'minutes': 0, 'seconds': 0, 'nanos': 0}, 'endTime': {'hours': 16, 'minutes': 0, 'seconds': 0, 'nanos': 0}}, {'day': 5, 'startTime': {'hours': 8, 'minutes': 0, 'seconds': 0, 'nanos': 0}, 'endTime': {'hours': 16, 'minutes': 0, 'seconds': 0, 'nanos': 0}}, {'day': 6, 'startTime': {'hours': 8, 'minutes': 0, 'seconds': 0, 'nanos': 0}, 'endTime': {'hours': 16, 'minutes': 0, 'seconds': 0, 'nanos': 0}}, {'day': 7, 'startTime': {'hours': 8, 'minutes': 0, 'seconds': 0, 'nanos': 0}, 'endTime': {'hours': 16, 'minutes': 0, 'seconds': 0, 'nanos': 0}}]",2018-10-30T07:25:33.699Z,,"[{'key': 'tenants/gofood/tags/CUISINE_ANEKA_NASI', 'tenantUid': 'gofood', 'uid': 'CUISINE_ANEKA_NASI', 'displayName': 'Aneka nasi', 'description': '', 'taxonomy': 2, 'parentKey': ''}, {'key': 'tenants/gofood/tags/CUISINE_ANEKA_AYAM_BEBEK', 'tenantUid': 'gofood', 'uid': 'CUISINE_ANEKA_AYAM_BEBEK', 'displayName': 'Ayam & bebek', 'description': '', 'taxonomy': 2, 'parentKey': ''}, {'key': 'tenants/gofood/tags/CUISINE_SOTO_BAKSO_SOP', 'tenantUid': 'gofood', 'uid': 'CUISINE_SOTO_BAKSO_SOP', 'displayName': 'Bakso & soto', 'description': '', 'taxonomy': 2, 'parentKey': ''}]",-7.814593,110.323964,Lotek & Gado-Gado Bu Nur,2023-11-19T09:00:00.000Z,55183.0, Kabupaten Bantul,False
40779668-89cb-4a76-8859-371e7644fcb8,"{'average': 4.5, 'total': 0}",2,"Lotek & Gado-Gado Bu Bagyo, Kusumanegara",,1,"[{'day': 1, 'startTime': {'hours': 9, 'minutes': 0, 'seconds': 0, 'nanos': 0}, 'endTime': {'hours': 16, 'minutes': 30, 'seconds': 0, 'nanos': 0}}, {'day': 2, 'startTime': {'hours': 9, 'minutes': 0, 'seconds': 0, 'nanos': 0}, 'endTime': {'hours': 16, 'minutes': 30, 'seconds': 0, 'nanos': 0}}, {'day': 3, 'startTime': {'hours': 9, 'minutes': 0, 'seconds': 0, 'nanos': 0}, 'endTime': {'hours': 16, 'minutes': 30, 'seconds': 0, 'nanos': 0}}, {'day': 4, 'startTime': {'hours': 9, 'minutes': 0, 'seconds': 0, 'nanos': 0}, 'endTime': {'hours': 16, 'minutes': 30, 'seconds': 0, 'nanos': 0}}, {'day': 5, 'startTime': {'hours': 9, 'minutes': 0, 'seconds': 0, 'nanos': 0}, 'endTime': {'hours': 16, 'minutes': 30, 'seconds': 0, 'nanos': 0}}, {'day': 6, 'startTime': {'hours': 9, 'minutes': 0, 'seconds': 0, 'nanos': 0}, 'endTime': {'hours': 16, 'minutes': 30, 'seconds': 0, 'nanos': 0}}, {'day': 7, 'startTime': {'hours': 9, 'minutes': 0, 'seconds': 0, 'nanos': 0}, 'endTime': {'hours': 16, 'minutes': 30, 'seconds': 0, 'nanos': 0}}]",2016-06-20T10:26:25.458Z,,"[{'key': 'tenants/gofood/tags/CUISINE_SNACKS_JAJANAN', 'tenantUid': 'gofood', 'uid': 'CUISINE_SNACKS_JAJANAN', 'displayName': 'Jajanan', 'description': '', 'taxonomy': 2, 'parentKey': ''}]",-7.8019635951376305,110.38806881027996,Lotek & Gado - Gado Bu Bagyo,2023-11-18T09:30:00.000Z,55173.0, Kota Yogyakarta,False
03805cd4-a2a0-48a0-93fd-4d8648c4a70a,"{'average': 4.4, 'total': 0}",2,"Bakpia Bakery Kenes, Kusumanegara","Kenes Bakery & Resto mempersembahkan hidangan istimewa Citarasa Tempo Doeloe yang memiliki beberapa menu andalan seperti Bakpia Premium, Ayam Spesial, Beef Cheese Lover (BCL),  Crispy Cookies dan Nasi Pedas.",1,"[{'day': 1, 'startTime': {'hours': 6, 'minutes': 15, 'seconds': 0, 'nanos': 0}, 'endTime': {'hours': 20, 'minutes': 45, 'seconds': 0, 'nanos': 0}}, {'day': 2, 'startTime': {'hours': 6, 'minutes': 15, 'seconds': 0, 'nanos': 0}, 'endTime': {'hours': 20, 'minutes': 45, 'seconds': 0, 'nanos': 0}}, {'day': 3, 'startTime': {'hours': 7, 'minutes': 15, 'seconds': 0, 'nanos': 0}, 'endTime': {'hours': 20, 'minutes': 45, 'seconds': 0, 'nanos': 0}}, {'day': 4, 'startTime': {'hours': 10, 'minutes': 15, 'seconds': 0, 'nanos': 0}, 'endTime': {'hours': 20, 'minutes': 45, 'seconds': 0, 'nanos': 0}}, {'day': 5, 'startTime': {'hours': 7, 'minutes': 15, 'seconds': 0, 'nanos': 0}, 'endTime': {'hours': 20, 'minutes': 45, 'seconds': 0, 'nanos': 0}}, {'day': 6, 'startTime': {'hours': 7, 'minutes': 15, 'seconds': 0, 'nanos': 0}, 'endTime': {'hours': 20, 'minutes': 45, 'seconds': 0, 'nanos': 0}}, {'day': 7, 'startTime': {'hours': 7, 'minutes': 15, 'seconds': 0, 'nanos': 0}, 'endTime': {'hours': 20, 'minutes': 45, 'seconds': 0, 'nanos': 0}}]",2018-06-05T03:26:35.372Z,,"[{'key': 'tenants/gofood/tags/CUISINE_ROTI', 'tenantUid': 'gofood', 'uid': 'CUISINE_ROTI', 'displayName': 'Roti', 'description': '', 'taxonomy': 2, 'parentKey': ''}, {'key': 'tenants/gofood/tags/CUISINE_SNACKS_JAJANAN', 'tenantUid': 'gofood', 'uid': 'CUISINE_SNACKS_JAJANAN', 'displayName': 'Jajanan', 'description': '', 'taxonomy': 2, 'parentKey': ''}, {'key': 'tenants/gofood/tags/CUISINE_SWEETS_DESSERTS', 'tenantUid': 'gofood', 'uid': 'CUISINE_SWEETS_DESSERTS', 'displayName': 'Sweets', 'description': '', 'taxonomy': 2, 'parentKey': ''}]",-7.802091,110.388899,Kenes Resto dan Kenes Bakery,2023-11-18T13:45:00.000Z,55173.0, Kota Yogyakarta,False
db7c2334-7a9d-42ab-98b2-b578fbcab6fa,"{'average': 4.8, 'total': 0}",2,"Gudeg Wijilan ""Bu Dim"", Umbulharjo",,1,"[{'day': 1, 'startTime': {'hours': 5, 'minutes': 0, 'seconds': 0, 'nanos': 0}, 'endTime': {'hours': 22, 'minutes': 0, 'seconds': 0, 'nanos': 0}}, {'day': 2, 'startTime': {'hours': 5, 'minutes': 0, 'seconds': 0, 'nanos': 0}, 'endTime': {'hours': 22, 'minutes': 0, 'seconds': 0, 'nanos': 0}}, {'day': 3, 'startTime': {'hours': 5, 'minutes': 0, 'seconds': 0, 'nanos': 0}, 'endTime': {'hours': 22, 'minutes': 0, 'seconds': 0, 'nanos': 0}}, {'day': 4, 'startTime': {'hours': 5, 'minutes': 0, 'seconds': 0, 'nanos': 0}, 'endTime': {'hours': 22, 'minutes': 0, 'seconds': 0, 'nanos': 0}}, {'day': 5, 'startTime': {'hours': 5, 'minutes': 0, 'seconds': 0, 'nanos': 0}, 'endTime': {'hours': 22, 'minutes': 0, 'seconds': 0, 'nanos': 0}}, {'day': 6, 'startTime': {'hours': 5, 'minutes': 0, 'seconds': 0, 'nanos': 0}, 'endTime': {'hours': 22, 'minutes': 0, 'seconds': 0, 'nanos': 0}}, {'day': 7, 'startTime': {'hours': 5, 'minutes': 0, 'seconds': 0, 'nanos': 0}, 'endTime': {'hours': 22, 'minutes': 0, 'seconds': 0, 'nanos': 0}}]",2018-01-25T07:10:55.334Z,,"[{'key': 'tenants/gofood/tags/CUISINE_ANEKA_AYAM_BEBEK', 'tenantUid': 'gofood', 'uid': 'CUISINE_ANEKA_AYAM_BEBEK', 'displayName': 'Ayam & bebek', 'description': '', 'taxonomy': 2, 'parentKey': ''}, {'key': 'tenants/gofood/tags/CUISINE_ANEKA_NASI', 'tenantUid': 'gofood', 'uid': 'CUISINE_ANEKA_NASI', 'displayName': 'Aneka nasi', 'description': '', 'taxonomy': 2, 'parentKey': ''}, {'key': 'tenants/gofood/tags/CUISINE_MINUMAN', 'tenantUid': 'gofood', 'uid': 'CUISINE_MINUMAN', 'displayName': 'Minuman', 'description': '', 'taxonomy': 2, 'parentKey': ''}]",-7.818402,110.390791,Gudeg Bu Dim,2023-11-18T15:00:00.000Z,55161.0, Kota Yogyakarta,False
61ca02a0-0a5d-4e20-9b95-3238ccfe2325,"{'average': 4.6, 'total': 0}",2,"Lotek dan Gado-Gado Bu Endang, Sidikan",,1,"[{'day': 1, 'startTime': {'hours': 8, 'minutes': 30, 'seconds': 0, 'nanos': 0}, 'endTime': {'hours': 15, 'minutes': 30, 'seconds': 0, 'nanos': 0}}, {'day': 2, 'startTime': {'hours': 8, 'minutes': 30, 'seconds': 0, 'nanos': 0}, 'endTime': {'hours': 15, 'minutes': 30, 'seconds': 0, 'nanos': 0}}, {'day': 3, 'startTime': {'hours': 8, 'minutes': 30, 'seconds': 0, 'nanos': 0}, 'endTime': {'hours': 15, 'minutes': 30, 'seconds': 0, 'nanos': 0}}, {'day': 4, 'startTime': {'hours': 8, 'minutes': 30, 'seconds': 0, 'nanos': 0}, 'endTime': {'hours': 15, 'minutes': 30, 'seconds': 0, 'nanos': 0}}, {'day': 5, 'startTime': {'hours': 8, 'minutes': 30, 'seconds': 0, 'nanos': 0}, 'endTime': {'hours': 15, 'minutes': 30, 'seconds': 0, 'nanos': 0}}, {'day': 6, 'startTime': {'hours': 8, 'minutes': 30, 'seconds': 0, 'nanos': 0}, 'endTime': {'hours': 15, 'minutes': 30, 'seconds': 0, 'nanos': 0}}]",2018-12-05T04:29:49.608Z,,"[{'key': 'tenants/gofood/tags/CUISINE_ANEKA_AYAM_BEBEK', 'tenantUid': 'gofood', 'uid': 'CUISINE_ANEKA_AYAM_BEBEK', 'displayName': 'Ayam & bebek', 'description': '', 'taxonomy': 2, 'parentKey': ''}, {'key': 'tenants/gofood/tags/CUISINE_SWEETS_DESSERTS', 'tenantUid': 'gofood', 'uid': 'CUISINE_SWEETS_DESSERTS', 'displayName': 'Sweets', 'description': '', 'taxonomy': 2, 'parentKey': ''}, {'key': 'tenants/gofood/tags/CUISINE_ANEKA_NASI', 'tenantUid': 'gofood', 'uid': 'CUISINE_ANEKA_NASI', 'displayName': 'Aneka nasi', 'description': '', 'taxonomy': 2, 'parentKey': ''}]",-7.823516098666576,110.38543928414582,Lotek dan Gado-Gado Bu Endang,2023-11-18T08:30:00.000Z,55162.0, Kota Yogyakarta,False
36e69068-8cfe-4c5a-bdd3-8e434d69f833,"{'average': 4.4, 'total': 0}",1,"Gudeg Dan Bubur Bu Lis, Jalan Sorowajan",,1,"[{'day': 1, 'startTime': {'hours': 5, 'minutes': 0, 'seconds': 0, 'nanos': 0}, 'endTime': {'hours': 13, 'minutes': 0, 'seconds': 0, 'nanos': 0}}, {'day': 2, 'startTime': {'hours': 5, 'minutes': 0, 'seconds': 0, 'nanos': 0}, 'endTime': {'hours': 13, 'minutes': 0, 'seconds': 0, 'nanos': 0}}, {'day': 3, 'startTime': {'hours': 5, 'minutes': 0, 'seconds': 0, 'nanos': 0}, 'endTime': {'hours': 13, 'minutes': 0, 'seconds': 0, 'nanos': 0}}, {'day': 4, 'startTime': {'hours': 5, 'minutes': 0, 'seconds': 0, 'nanos': 0}, 'endTime': {'hours': 13, 'minutes': 0, 'seconds': 0, 'nanos': 0}}, {'day': 6, 'startTime': {'hours': 5, 'minutes': 0, 'seconds': 0, 'nanos': 0}, 'endTime': {'hours': 13, 'minutes': 0, 'seconds': 0, 'nanos': 0}}, {'day': 7, 'startTime': {'hours': 5, 'minutes': 0, 'seconds': 0, 'nanos': 0}, 'endTime': {'hours': 13, 'minutes': 0, 'seconds': 0, 'nanos': 0}}]",2022-02-08T09:34:53.443Z,,"[{'key': 'tenants/gofood/tags/CUISINE_ANEKA_NASI', 'tenantUid': 'gofood', 'uid': 'CUISINE_ANEKA_NASI', 'displayName': 'Aneka nasi', 'description': '', 'taxonomy': 2, 'parentKey': ''}]",-7.793576530899934,110.40442831814288,"Gudeg Dan Bubur Bu Lis, Jalan Sorowajan, Muhammad Faisal Hanif",2023-11-18T06:00:00.000Z,55198.0, Kabupaten Bantul,False
8afe1ecb-8a9e-4b5d-92aa-f2e1047beb7d,"{'average': 4.6, 'total': 0}",1,"Lotek & Gado - Gado Bu Nur, Sorowajan",,1,"[{'day': 1, 'startTime': {'hours': 9, 'minutes': 0, 'seconds': 0, 'nanos': 0}, 'endTime': {'hours': 16, 'minutes': 0, 'seconds': 0, 'nanos': 0}}, {'day': 2, 'startTime': {'hours': 9, 'minutes': 0, 'seconds': 0, 'nanos': 0}, 'endTime': {'hours': 16, 'minutes': 0, 'seconds': 0, 'nanos': 0}}, {'day': 3, 'startTime': {'hours': 9, 'minutes': 0, 'seconds': 0, 'nanos': 0}, 'endTime': {'hours': 16, 'minutes': 0, 'seconds': 0, 'nanos': 0}}, {'day': 4, 'startTime': {'hours': 9, 'minutes': 0, 'seconds': 0, 'nanos': 0}, 'endTime': {'hours': 16, 'minutes': 0, 'seconds': 0, 'nanos': 0}}, {'day': 5, 'startTime': {'hours': 9, 'minutes': 0, 'seconds': 0, 'nanos': 0}, 'endTime': {'hours': 16, 'minutes': 0, 'seconds': 0, 'nanos': 0}}, {'day': 6, 'startTime': {'hours': 8, 'minutes': 0, 'seconds': 0, 'nanos': 0}, 'endTime': {'hours': 16, 'minutes': 0, 'seconds': 0, 'nanos': 0}}, {'day': 7, 'startTime': {'hours': 9, 'minutes': 0, 'seconds': 0, 'nanos': 0}, 'endTime': {'hours': 16, 'minutes': 0, 'seconds': 0, 'nanos': 0}}]",2018-04-27T07:39:44.387Z,,"[{'key': 'tenants/gofood/tags/CUISINE_ANEKA_NASI', 'tenantUid': 'gofood', 'uid': 'CUISINE_ANEKA_NASI', 'displayName': 'Aneka nasi', 'description': '', 'taxonomy': 2, 'parentKey': ''}]",-7.793869,110.406035,Lotek & Gado-Gado Bu Nur,2023-11-18T09:00:00.000Z,55198.0, Kabupaten Bantul,False
7467238b-8f73-4847-88b9-918678a35fbe,"{'average': 4.8, 'total': 0}",1,"Lotek Gado-Gado, Selokan Mataram",,1,"[{'day': 1, 'startTime': {'hours': 8, 'minutes': 0, 'seconds': 0, 'nanos': 0}, 'endTime': {'hours': 22, 'minutes': 0, 'seconds': 0, 'nanos': 0}}, {'day': 2, 'startTime': {'hours': 8, 'minutes': 0, 'seconds': 0, 'nanos': 0}, 'endTime': {'hours': 22, 'minutes': 0, 'seconds': 0, 'nanos': 0}}, {'day': 3, 'startTime': {'hours': 8, 'minutes': 0, 'seconds': 0, 'nanos': 0}, 'endTime': {'hours': 22, 'minutes': 0, 'seconds': 0, 'nanos': 0}}, {'day': 4, 'startTime': {'hours': 8, 'minutes': 0, 'seconds': 0, 'nanos': 0}, 'endTime': {'hours': 22, 'minutes': 0, 'seconds': 0, 'nanos': 0}}, {'day': 5, 'startTime': {'hours': 8, 'minutes': 0, 'seconds': 0, 'nanos': 0}, 'endTime': {'hours': 22, 'minutes': 0, 'seconds': 0, 'nanos': 0}}, {'day': 6, 'startTime': {'hours': 8, 'minutes': 0, 'seconds': 0, 'nanos': 0}, 'endTime': {'hours': 22, 'minutes': 0, 'seconds': 0, 'nanos': 0}}, {'day': 7, 'startTime': {'hours': 8, 'minutes': 0, 'seconds': 0, 'nanos': 0}, 'endTime': {'hours': 22, 'minutes': 0, 'seconds': 0, 'nanos': 0}}]",2018-05-02T10:10:44.301Z,,"[{'key': 'tenants/gofood/tags/CUISINE_ANEKA_NASI', 'tenantUid': 'gofood', 'uid': 'CUISINE_ANEKA_NASI', 'displayName': 'Aneka nasi', 'description': '', 'taxonomy': 2, 'parentKey': ''}, {'key': 'tenants/gofood/tags/CUISINE_BAKMIE', 'tenantUid': 'gofood', 'uid': 'CUISINE_BAKMIE', 'displayName': 'Bakmie', 'description': '', 'taxonomy': 2, 'parentKey': ''}]",-7.768056,110.399924,Lotek Gado Gado Selokan Mataram,2023-11-18T15:00:00.000Z,55283.0, Kabupaten Sleman,False
