id,review,rating,createdAt,lastComment,qtyItem,orderedAt,orderItem,tagsData,replayComment,timeReplayComment
28f5402d-58db-4a88-b53c-001d2648256a,Mantap sambalnya enak👍,5,2023-11-14T12:17:11.088383+07:00,"{'id': '657886ff-d093-4159-875f-e14c9ee877c7', 'text': 'Makasih kak,,sehat selalu..😀🙏🙏', 'createdAt': '2023-11-20T15:33:04.951292276+07:00', 'author': {'fullName': 'Sam', 'isMerchant': True}}",2,2023-11-14T04:38:00.545061Z,"Gado-gado Spesial, Lotek Double Sayur",CANNED_RESPONSE_TASTE,"Makasih kak,,sehat selalu..😀🙏🙏",2023-11-20T15:33:04.951292276+07:00
2059f049-bfa0-4e5c-b5d9-66997b584a27,"enak banget, gak kayak makanan jajan, tapi kayak makan masakan dirumah ",5,2022-09-27T01:27:09.477141+07:00,,3,2022-09-26T17:43:21.583177Z,"Mangut Tuna, Tahu Bakso Goreng Telur, Nasi Putih",,,
d0f82213-4c81-4598-bae8-f795bee80db1,pesan kunir asem yg datang gula asem,4,2021-06-06T17:58:10.986025+07:00,,8,2021-06-04T03:54:54.044786Z,"Mendoan, Kunir Asem, Paket 4 ( Brongkos ), Cumi, Cap Cay Goreng, Nasi Putih, Bakmi Goreng, Jeruk Manis",,,
d163dbee-e64b-4b1c-89b6-71140f10297d,krg pedes n krg kuah,3,2019-12-09T19:03:32.148+07:00,,1,2019-12-08T12:08:24.115813Z,Sayur Brongkos Telur / Daging Sapi,,,
dbd718d4-8f84-4d03-b339-42d4f8bd6858,"kemarin pesan gudeg telur ayam suwir,,g ada ayamnya,,",3,2022-02-24T11:49:27.883644+07:00,,1,2022-02-22T03:38:11.124305Z,Nasi Gudeg Krecek Telur Ayam Suwir,CANNED_RESPONSE_VALUE CANNED_RESPONSE_ORDER,,
39bccf0d-384b-4b53-9507-c4b43080e259,sambelnya tidak dilengkapi,4,2021-09-10T19:06:53.003587+07:00,,1,2021-09-08T12:38:34.79558Z,Nasi Gudeg Krecek Telur Ayam Suwir,,,
c22f87a3-6cfb-427a-84c7-51d72306e734,"enak sekali, murah meriah",5,2023-07-15T15:42:20.371357+07:00,,2,2023-07-14T08:52:02.833311Z,"Opor Ayam, Lotek Dobel Bakwan",CANNED_RESPONSE_FRESHNESS CANNED_RESPONSE_TASTE CANNED_RESPONSE_PORTION CANNED_RESPONSE_HYGIENE CANNED_RESPONSE_PACKAGING CANNED_RESPONSE_VALUE CANNED_RESPONSE_CUTLERY,,
eaaf6fc0-6e65-4db6-a396-2604cec3aa9a,beli lotek+nasi tapi nggak ada nasinya,3,2022-12-01T10:56:29.960771+07:00,,5,2022-12-01T03:07:56.319851Z,"Nasi Goreng, Lotek + Nasi, Bakwan, Teh Panas / Es, Milo Panas / Es",CANNED_RESPONSE_ORDER,,
14844557-e266-4b34-9faf-bf1ad27b05e3,kebanyakan air. ,4,2022-08-09T16:39:35.739934+07:00,,1,2022-08-09T05:22:57.226785Z,Lotek,CANNED_RESPONSE_FRESHNESS,,
529258d0-9dc3-4754-811f-0ad241937d1b,ga merhatiin catetan. sudah 2x ga lengkap.,3,2021-09-06T18:36:01.644922+07:00,,2,2021-09-06T06:12:17.714391Z,"Telur Rebus, Lotek Dobel Bakwan",,,
5be78c44-ad67-4f2b-b1fa-c479d14a988e,saya pesan oseng bihun dikasih oseng soun yg beda sekali.,1,2020-02-28T19:22:49.404+07:00,,2,2020-02-28T11:49:10.643152Z,"Oseng Bihun, Perkedel (2Pcs)",,,
25d6ddda-67f8-4ac9-81d4-71119d2ffdfa,"porsinya tidak sprti pesanan yg sebelumnya
yg sekarang sy pesan lebih sedikit.apa yang siapin beda orang ya..beda porsi",3,2023-11-06T13:19:54.679019+07:00,,1,2023-11-06T05:56:18.164654Z,Nasi Gudeg Krecek Telur,CANNED_RESPONSE_PORTION,,
d2e78945-02b5-4d31-89ef-16f1eb8ad6b4,"krecek nya alot, telurnya alot, tidak ada sambalnya",3,2022-08-12T07:04:51.925358+07:00,,2,2022-08-10T00:45:20.248424Z,"Nasi Gudeg Krecek Telur + Suwir, Nasi Gudeg Krecek Telur + Tahu",CANNED_RESPONSE_FRESHNESS CANNED_RESPONSE_VALUE CANNED_RESPONSE_PORTION,,
44f20e86-5326-4f54-b00a-f986bfe87cd7,"Silahkan dicoba, Recommended food",5,2021-11-10T21:12:34.294782+07:00,,1,2021-11-10T12:43:40.112876Z,Nasi Gudeg Krecek Sayap + Telor,CANNED_RESPONSE_TASTE CANNED_RESPONSE_HYGIENE CANNED_RESPONSE_PACKAGING,,
5072735d-f68e-4319-8ecf-45e4f92e6276,sayang deh sama chefnya👍,5,2020-09-14T10:14:35.843+07:00,,1,2020-09-13T23:34:41.295371Z,Nasi Gudeg Krecek Sayap + Telor,CANNED_RESPONSE_TASTE CANNED_RESPONSE_PORTION CANNED_RESPONSE_HYGIENE CANNED_RESPONSE_PACKAGING CANNED_RESPONSE_VALUE,,
2c7da01f-725c-47a4-b5ad-e57c3f1a94b1,tahunya kasinan..nasinya dingin,4,2019-09-18T16:46:16.848+07:00,,2,2019-09-18T07:54:01.606877Z,"Nasi Gudeg Krecek Suwir, Nasi Gudeg Krecek Telor + Tahu",,,
3fe86f3a-4b96-4644-a843-325542d02326,"baru ini makan lotek rasanya pait, beliny 3 bunfkus pula.",1,2022-05-30T07:44:25.848234+07:00,,2,2022-05-26T23:35:13.758728Z,"Lotek, Mendoan (isi 3)",CANNED_RESPONSE_TASTE,,
3a442c59-ec1c-40ed-8777-b86b47e3df6c,"Order malam hari, tempe sudah hampir tidak layak dimakan",4,2023-11-15T18:32:07.473592+07:00,,1,2023-11-14T11:12:48.705245Z,Nasi Gudeg Krecek Telur Bebek,,,
b0937779-99f7-4682-a2dd-0709872e790e,"Alhamdulillah pesanan yang datang sesuai, gudeg seporsi+telur 4+oseng mercon. Oseng merconnya ternyata 10rb hanya sedikit ya, tapi okelah yang penting rasa tidak mengecewakan untuk gudeg maupun oseng merconnya. Gudeg rasanya pertengahan antara manis dan gurih. ",5,2023-04-08T11:53:48.707394+07:00,,3,2023-04-08T04:39:46.913704Z,"Telur Bebek, Oseng Mercon, Gudeg",CANNED_RESPONSE_FRESHNESS CANNED_RESPONSE_TASTE,,
35934747-fff1-4417-9755-66cb11bb231c,Kurang banyak Nasinya ,5,2022-04-08T15:14:38.328148+07:00,,1,2022-04-08T06:52:14.79506Z,Nasi Gudeg Krecek Telur Bebek,CANNED_RESPONSE_TASTE,,
a1bfa335-cca5-4d54-89fd-e4dab06c25c9,sy pesan 5porsi yg 1porsi sambal kreceknya dipisah.. tapi kreceknya malah tdk dikasih Dan tdk bawakan ... sy pesan dipisah bukan tdk pakai sambalgoreng,2,2021-12-11T09:57:12.061443+07:00,,1,2021-12-11T02:17:22.29313Z,Nasi Gudeg Krecek Telur Bebek,,,
d5765a04-2486-4056-8a2e-1c50f3caca82,I enjoyed bit this food,5,2021-10-23T19:36:17.82001+07:00,,4,2021-10-21T05:24:12.258322Z,"Nasi Gudeg Krecek Sayap, Bubur Gudeg Krecek Sayap, Nasi Gudeg Krecek Telur Bebek, Telur Bebek",,,
efd52d67-bc29-40a0-8926-c3ef3c52e4cf,bubur nya asiiinn ,3,2021-08-23T13:44:42.835124+07:00,,2,2021-08-23T00:31:48.483165Z,"Nasi Gudeg Krecek Telur Bebek, Bubur",,,
a7a89f9d-3c88-497e-a50c-bd1535c6c927,uenak puolll worth it every rupiah! ,5,2021-06-14T19:52:24.47173+07:00,,3,2021-06-14T12:16:00.581015Z,"Nasi Gudeg Krecek Telur Bebek, Sambel Krecek per Porsi, Komplitan",CANNED_RESPONSE_FRESHNESS CANNED_RESPONSE_TASTE CANNED_RESPONSE_PORTION CANNED_RESPONSE_HYGIENE CANNED_RESPONSE_PACKAGING CANNED_RESPONSE_VALUE,,
74a6902c-e393-412f-809c-ace25f18e0bc,Enak bgt muarah bgt,5,2020-08-17T19:39:41.219+07:00,,4,2020-08-17T00:44:47.106131Z,"Ceker Per Porsi, Nasi Gudeg Krecek Paha Bawah, Nasi Gudeg Krecek Paha Atas, Kerupuk",CANNED_RESPONSE_FRESHNESS CANNED_RESPONSE_TASTE CANNED_RESPONSE_PORTION CANNED_RESPONSE_HYGIENE CANNED_RESPONSE_PACKAGING CANNED_RESPONSE_VALUE,,
afa21b7c-548f-4fd0-94a0-b2fd7f2f65dc,sip enak...cmn porsinya kurang hehehe,4,2019-12-11T08:50:06.456+07:00,,1,2019-12-11T01:03:37.154145Z,Nasi Gudeg Krecek Suwir,CANNED_RESPONSE_PORTION,,
fc95a242-a358-42d1-919a-823479706605,Pertahankan kualitasnya,5,2023-11-19T18:20:57.265532+07:00,,1,2023-11-11T06:22:31.352614Z,Lotek Double-double,,,
c42d2bae-d886-47fe-9b0f-cd2375431026,"Akhirnya nemu lotek yg enak di daerah atas,bakal jadi langganan insyaallah…perpaduan yg mantap antara saos kacang yg creamy dengan manisnya yg pas,porsinya jg banyak sekali dan harganya murah sekali…recommended banget pokoknya ini loteknya👍🏻",5,2023-05-15T13:58:53.995697+07:00,,1,2023-05-15T06:02:22.55761Z,Lotek Double Bakwan,,,
2d26ae7e-a90b-4154-802d-91a4d4bccf93,enak banget..rasa nya pas dan pedas banget,5,2022-07-28T14:36:11.162771+07:00,,1,2022-07-28T07:12:52.279395Z,Lotek,CANNED_RESPONSE_FRESHNESS CANNED_RESPONSE_TASTE CANNED_RESPONSE_PORTION CANNED_RESPONSE_HYGIENE CANNED_RESPONSE_PACKAGING CANNED_RESPONSE_VALUE,,
767bf25b-77e2-47f2-b208-0e3f390010b9,"Rasanya gausah diraguin, enak banget loteknya. Kalau kalian makannya gak banyak jangan coba2 pesen yg double2, isinya jadi buanyak. Mantab banget lah pokoknya
Sukses terus yaaa",5,2022-01-28T11:24:58.70635+07:00,,2,2022-01-28T01:21:43.154114Z,"Lotek Double Sayur, Lotek Double Bakwan",CANNED_RESPONSE_FRESHNESS CANNED_RESPONSE_TASTE CANNED_RESPONSE_PORTION CANNED_RESPONSE_VALUE CANNED_RESPONSE_PACKAGING CANNED_RESPONSE_HYGIENE,,
5f512716-018e-4d64-a395-96704b9e3dce,paket masker mbak..,4,2021-06-05T11:11:29.15663+07:00,,2,2021-06-01T04:35:20.125188Z,"Lotek Double Sayur, Bakwan Goreng",,,
b66377f7-9a2e-4843-83c9-dd5847e10c4f,enak. sayangnya kurang pedes,5,2022-02-20T18:01:37.363213+07:00,,1,2022-02-20T05:01:58.430583Z,Lotek + Telur Rebus,,,
8ab345a5-5a96-4589-b3ad-d87493a727d8,opornya kemarin sangat asin ,5,2021-09-06T08:46:03.090152+07:00,,2,2021-09-05T06:00:34.316329Z,"Lotek, Opor Ayam",,,
392fb5aa-8409-47c8-9a73-c71597a8d908,kok gak dikasi sendok kayak biasanya? krupuknya kurang 1,3,2023-11-18T10:22:05.482028+07:00,,1,2023-11-18T02:43:22.504617Z,Lotek Double Bakwan,,,
dace36d6-d58e-4621-9ccf-0327a8dae820,"enakk banget, porsi banyak",5,2023-08-14T20:36:32.380561+07:00,,2,2023-08-13T07:46:16.944602Z,"Lotek Double Bakwan, Kupat Tahu",CANNED_RESPONSE_FRESHNESS CANNED_RESPONSE_TASTE CANNED_RESPONSE_PORTION CANNED_RESPONSE_PACKAGING CANNED_RESPONSE_HYGIENE CANNED_RESPONSE_CUTLERY CANNED_RESPONSE_VALUE,,
6cea53df-cd77-494c-abd6-78b3f5624494,"DARI KEMARIN LHO SALAH TERUS PESANANNYA!!! KEMARIN LUPA TELUR,SEKARANG ADA 1 PORSI GAK ADA BAKWAN SAMA SEKALI?NIAT JUALAN TIDAK?! PROFESIONAL LAH",1,2023-05-13T15:06:19.930539+07:00,,1,2023-05-13T05:17:54.927298Z,Lotek,CANNED_RESPONSE_ORDER CANNED_RESPONSE_PORTION,,
9b227aca-c215-4c90-9bf0-f1891985292e,"dari aplikasi customer orderan sudah masuk ke resto tapi tidak langsung di bikin sama restonya, customer juga nunggu dapat driver,sudah dapat driver ,driver masih otw ke resto,sampe resto driver masih antri karena orderan masuk ke resto tidak langsung di proses.
pokoke harus extra sabar kalo mau makan lotek ,,semoga bisa lebih cepat proses nya biar pembeli via gofood nggak kelamaan nunggu.",4,2022-12-17T14:12:15.056625+07:00,,2,2022-12-13T05:54:33.766999Z,"Lotek Double Bakwan, Kupat Tahu",,,
4260c3c1-3096-473d-a767-fe2da5507adf,The best lotek👍,5,2022-08-28T14:42:46.489238+07:00,,1,2022-08-23T06:06:08.288983Z,Lotek Telur,CANNED_RESPONSE_FRESHNESS CANNED_RESPONSE_TASTE CANNED_RESPONSE_VALUE,,
1b019ef2-b827-4ec4-9f09-21815d35d7ae,"enak bgttt porsinya jg ngenyangin bgttt, trs bumbunya melimpahh",5,2022-05-17T09:51:55.813687+07:00,,5,2022-05-16T03:50:02.918401Z,"Kupat Tahu, Lotek Telur, Krupuk Kecil, Ketupat, Es Teh",CANNED_RESPONSE_TASTE CANNED_RESPONSE_HYGIENE CANNED_RESPONSE_PORTION,,
cf648ab4-8298-4397-9a94-c5cafb0937b9,rasanya tidak berubah,5,2021-12-09T10:27:08.3378+07:00,,2,2021-12-09T02:24:41.369766Z,"Kupat Tahu, Lotek Double Bakwan",CANNED_RESPONSE_TASTE,,
1b7a233e-2d9f-4559-8942-64113505b2d0,"bumbunya enak ,,khas desa sekali ",5,2021-08-27T08:49:12.952372+07:00,,1,2021-08-27T01:17:55.333512Z,Lotek Double Bakwan,CANNED_RESPONSE_FRESHNESS CANNED_RESPONSE_TASTE CANNED_RESPONSE_PORTION,,
c7b8da3c-5f07-4ef5-8d72-e35e5551b349,juosssshhh.....gandosssss ,5,2021-06-16T07:36:18.478108+07:00,,1,2021-06-12T06:38:31.136712Z,Lotek Double Bakwan,,,
b4c0fcd0-84b1-4042-b614-541bb1ffe36a,minta pedes banget tp ngga pedes sama sekali,3,2021-02-01T17:30:34.292+07:00,,2,2021-02-01T01:25:56.871255Z,"Lotek Double Bakwan, Lotek",,,
8b4d35e3-f1dc-40e3-8a13-deec70114944,kok yg di ngaglik ga buka,5,2020-08-02T13:27:08.036+07:00,,1,2020-08-02T05:52:17.763702Z,Lotek Double Bakwan,CANNED_RESPONSE_TASTE,,
9347ba03-0cbc-4b90-99c1-1eefe4f8682d,mantap. porsinya pas. manis dan rasanya enak,5,2020-03-10T12:20:57.82+07:00,,1,2020-03-10T04:38:04.814635Z,Lotek Nasi,,,
1feff903-0807-46b9-bbb7-f687e0f568b2,bakwannya banyak yg keras wkwk,4,2019-12-22T08:06:40.268+07:00,,1,2019-12-22T00:32:13.323945Z,Lotek Double Bakwan,,,
9bd2d12b-6336-4b48-b585-f05a15ca2c7d,It’s reaaaally good! I said what I said. Gonna rebuy!!! Love it so much,5,2019-11-09T22:40:50.855+07:00,,1,2019-11-09T02:41:26.777317Z,Lotek Double Bakwan,,,
359afeab-2eb6-469e-b4d1-e86a18754ba9,"bungkusannya ada yg sobek, jadi isi loteknya keluar",2,2019-09-03T19:14:13.684016+07:00,,3,2019-09-03T04:10:03.895362Z,"Lotek, Lotek Double Bakwan, Lotek Double Sayur",CANNED_RESPONSE_PACKAGING,,
f9077efc-671c-452a-9cca-bc596d1e5809,kuah nya kurang bnyak,5,2022-05-11T00:47:07.969196+07:00,,3,2022-05-10T17:13:45.387262Z,"Mangut Ikan, Nasi Putih, Kerupuk",CANNED_RESPONSE_TASTE,,
4d67e412-ef24-4ba3-8f78-ab2ea6a919fb,"Bumbu nya terasa pas. 
Kalau bisa, lebih kental. Jangan terlalu encer...🙏",5,2023-11-13T09:08:07.367319+07:00,,2,2023-11-12T03:35:40.405682Z,"Gado Gado + Telur, Lotek + Telur",,,
5365b559-7025-424f-ba3c-593fc65948c0,ada bakwan goreng nya! yummy...,5,2022-06-10T13:54:24.498253+07:00,,1,2022-06-06T04:25:19.153061Z,Lotek + Telur,,,
46ab9995-4b0f-4215-9c5e-7ec403b9ae6c,"rasanya pas, cuman bumbu kurang kental lagi.",5,2021-09-25T11:25:16.002265+07:00,,1,2021-09-19T03:49:11.855461Z,Lotek,,,
6be95f83-8d6a-407a-a459-55053821bb8b,"mantulllll luar biasa....uenak tenan 👍👍👍👍👍⭐⭐⭐⭐⭐ jos
pas buat langganan",5,2023-11-20T22:05:41.781085+07:00,,3,2023-11-20T14:23:48.070881Z,"Gudeg Tahu Tanpa Nasi, Gudeg Gending Brutu Tanpa Nasi, Sambel Krecek Tanpa Nasi",CANNED_RESPONSE_PORTION CANNED_RESPONSE_TASTE CANNED_RESPONSE_FRESHNESS CANNED_RESPONSE_HYGIENE CANNED_RESPONSE_PACKAGING CANNED_RESPONSE_VALUE CANNED_RESPONSE_CUTLERY,,
2c51ae6a-da9c-4093-a6c6-076b9a8de86d,trlalu mnis krecekny.. ,3,2022-02-26T20:25:34.796788+07:00,,1,2022-02-26T01:56:57.879894Z,Nasi Gudeg Telor,,,
44e5304c-ed57-408d-918b-9ae6de8246c8,ada tulisan free es teh tp ga ada es teh nya😔,4,2023-11-13T20:03:32.898536+07:00,,2,2023-11-13T12:01:45.043853Z,"Paket Mantap Lele Filet Goreng Krispi Saos + Nasi + Sayur + Oseng/Gorengan FREE ES TEH, Jus Alpukat",,,
567fa3ad-aed9-4580-bcdc-b605315ccb47,"enak banget, bapia terenak yang pernah saya rasa, keju dan durian nya, real betul2 rasanya, bakal beli lagi langsung ke outlet nya",5,2023-10-11T18:10:27.286445+07:00,,2,2023-10-11T10:25:48.516686Z,"Bakpia Keju Isi 15, Bakpia Susu Durian Isi 15",CANNED_RESPONSE_TASTE CANNED_RESPONSE_PORTION CANNED_RESPONSE_HYGIENE CANNED_RESPONSE_PACKAGING CANNED_RESPONSE_VALUE,,
9c96c36c-3ef4-46a0-b2b1-9c3056b57d2b,selalu beli kurnia sari kalo ke jogja 🥰🥰🥰,5,2022-10-11T09:54:17.829226+07:00,,3,2022-10-11T02:06:46.508997Z,"Bakpia Keju Isi 15, Bakpia Kacang Hijau Isi 15, Bakpia Coklat Isi 15",CANNED_RESPONSE_TASTE,,
67634069-a487-49db-aecd-bf310585a5ef,enak ajah.......,5,2021-12-30T18:39:09.934187+07:00,,2,2021-12-30T10:57:36.016636Z,"Bakpia Susu Durian Isi 15, Bakpia Isi 40",,,
a2a7b1be-4c67-4963-88b8-620eea8fb85c,"always tasty, kurnia sari juaranya bakpia emang.",5,2020-03-15T12:31:29.287+07:00,,1,2020-03-15T05:00:49.086989Z,Bakpia  keju edam isi 15,CANNED_RESPONSE_FRESHNESS CANNED_RESPONSE_TASTE CANNED_RESPONSE_PORTION CANNED_RESPONSE_HYGIENE CANNED_RESPONSE_PACKAGING CANNED_RESPONSE_VALUE,,
f221c0b0-a8fe-45e7-a251-df2d2edc47df,MANTAP! porsinya plg konsisten diantara semua cabang yu djum yg lain... ,5,2023-11-09T14:10:32.039727+07:00,,1,2023-11-07T09:56:48.435279Z,Nasi Gudeg Krecek Telur,CANNED_RESPONSE_FRESHNESS CANNED_RESPONSE_TASTE CANNED_RESPONSE_PORTION CANNED_RESPONSE_HYGIENE CANNED_RESPONSE_PACKAGING CANNED_RESPONSE_VALUE CANNED_RESPONSE_CUTLERY,,
fdaef43f-a223-42a4-94a3-6e1e4c17ac70,"porsi yg pas, trus rasanya emang dari dulu bikin nagih, apalagi kreceknya..beuhh tiada tandingny 🤩",5,2023-02-08T11:23:15.912994+07:00,,2,2023-02-08T03:08:34.628616Z,"Nasi Gudeg Krecek Paha Bawah, Nasi Gudeg Krecek Telur Tahu",CANNED_RESPONSE_FRESHNESS CANNED_RESPONSE_TASTE CANNED_RESPONSE_PORTION CANNED_RESPONSE_PACKAGING CANNED_RESPONSE_HYGIENE CANNED_RESPONSE_VALUE,,
10c4fe6e-e9b1-4a54-82b4-854bec4999fa,"entah.. apa yg salah
rasanya kok ga nendang",4,2022-03-14T13:21:55.67481+07:00,,1,2022-03-09T01:42:14.080085Z,Nasi Gudeg Krecek Telur Sayap,CANNED_RESPONSE_TASTE,,
4fb78048-4071-4137-8f16-6f67fc8b5043,"nasinya yg 1 box masih mentah, kerassss... jadi pesen 3 box. Cuman 2 box yang kemakan nasinya.. kan sayang banget, tolong kualitasnya lebih dijaga lagi dan lagi, nama yu Djum sudah besar bangett lho",2,2021-10-27T09:47:18.136562+07:00,,1,2021-10-27T02:16:35.980432Z,Nasi Gudeg Krecek Telur,CANNED_RESPONSE_VALUE,,
7db0570c-8b68-4933-8396-64d8b27c2bb5,"Akhirnya mengutarakan pertanyaan sekitar sebulanan ini. Udah sering beli. Hampir 3-4hari skali. Tp smakin ksini porsinya semakin berkurang gudegnya. Gatau atau mgkn karna lg efek corona, jd emg porsinya dikurangin atau yg melayani ambil gudegnya kurang tdk tau deh. Yg hari ini dapet gudeg dikiiiiittttt sekalii. Mau buat 2 org makan aja gabisa.",3,2020-05-15T12:19:09.886+07:00,,1,2020-05-15T04:36:06.235658Z,Gudeg + Krecek + Telor 2,,,
cd956bce-4775-4229-8d99-b58892e8df24,"Ayamnya KERAS Sekali / seperti kayu, tdk bs dimakan. utk oseng telur & oseng genjer lumayan.",2,2023-04-15T17:08:29.818419+07:00,,3,2023-04-15T03:47:51.137183Z,"Ayam Goreng Serundeng, Oseng Putih Telor, Oseng Genjer",,,
06e61962-ba68-4b21-be95-ba4c2a8d23a1,"Baru pertama nyoba, ternyata enak masakannya, terimakasih ya",5,2021-01-16T09:35:56.089+07:00,,3,2021-01-16T02:02:26.50926Z,"Usus Mercon, Lodeh, Terong Balado",CANNED_RESPONSE_FRESHNESS CANNED_RESPONSE_TASTE CANNED_RESPONSE_PORTION CANNED_RESPONSE_HYGIENE CANNED_RESPONSE_PACKAGING CANNED_RESPONSE_VALUE,,
1a83c69c-9f72-4ff5-8467-7f6fb161ef38,pokoknya q suka menu2 yg ada di resto ini😊😚,4,2020-05-17T13:36:22.372+07:00,,5,2020-05-17T05:36:58.500008Z,"Ayam Opor, Oseng Jamur, Oseng Gembus, Sop, Cap Cay",,,
e3d314a3-ecd9-4ca5-8cb5-5c4e73569685,Mantap... Rasa dan taste sama seperti yg yu djum pusat,5,2023-11-17T12:06:26.245563+07:00,,2,2023-11-16T06:24:11.774118Z,"Nasi Gudeg Krecek Telur Ayam Suwir, Tahu",CANNED_RESPONSE_PORTION CANNED_RESPONSE_TASTE CANNED_RESPONSE_FRESHNESS CANNED_RESPONSE_CUTLERY CANNED_RESPONSE_VALUE CANNED_RESPONSE_PACKAGING CANNED_RESPONSE_HYGIENE,,
4f34b00a-c316-4009-8654-c8ad65b5599e,Mantap sekali makanannya ,5,2022-12-15T17:54:18.104554+07:00,,1,2022-12-14T23:38:00.024157Z,Nasi Gudeg Krecek Paha Atas,CANNED_RESPONSE_FRESHNESS CANNED_RESPONSE_TASTE CANNED_RESPONSE_PORTION CANNED_RESPONSE_HYGIENE CANNED_RESPONSE_PACKAGING CANNED_RESPONSE_VALUE CANNED_RESPONSE_CUTLERY,,
9a617c7a-30ac-4b20-8802-af817951aff4,kemasan menggunakan dus menjadi salah satu poin pilihan. waktu penyiapan cepat. kalo pagi sering kehabisan gudeg telurnya,4,2021-08-28T17:07:03.96572+07:00,,1,2021-08-09T23:05:56.849234Z,Nasi Gudeg Krecek Telur,,,
cee35f70-8802-465c-b93d-991bd6416cd9,beberapa kali beli di sini 👍,5,2021-01-26T12:30:47.509+07:00,,1,2021-01-26T04:38:37.276682Z,Nasi Gudeg Krecek Telur,CANNED_RESPONSE_FRESHNESS CANNED_RESPONSE_TASTE CANNED_RESPONSE_PORTION CANNED_RESPONSE_HYGIENE CANNED_RESPONSE_PACKAGING CANNED_RESPONSE_VALUE,,
d1bf55eb-2193-42f0-ba62-27225af13b59,"Terimakasih driver, semangat terus",5,2020-04-08T16:38:21.341+07:00,,1,2020-04-08T02:29:13.929916Z,Nasi Gudeg Krecek Telur,,,
abb178f4-d6b9-4dfe-ac13-198fe6a198e7,"terlalu manis, nasi terlalu lembek.",1,2019-12-20T18:25:32.901+07:00,,1,2019-12-20T10:16:52.933671Z,Nasi Gudeg Krecek Telur,CANNED_RESPONSE_TASTE,,
40bb21e7-9e7e-46e7-8cce-2226687e6cd2,"Sudah enak cuma sedikit terlalu manis,  terima kasih",5,2019-09-30T16:44:07.227+07:00,,1,2019-09-30T06:06:23.507767Z,Nasi Gudeg Krecek Telur Tahu,CANNED_RESPONSE_FRESHNESS CANNED_RESPONSE_TASTE CANNED_RESPONSE_PORTION CANNED_RESPONSE_HYGIENE,,
4e331637-4c7a-48d5-b3b1-df3241284524,udah kesekian kali beli biasanya ya gak masalah....kali ini hambar tidak ada rasa mau gado2 atau lotek...mana pesanan kurang 1 bungkus...walo akhirnya dikirim lagi.,2,2023-05-12T09:11:49.527595+07:00,,3,2023-05-11T04:28:54.939235Z,"Gado-Gado, Lotek, Lotek",CANNED_RESPONSE_ORDER,,
2ce64a81-66ef-4f8b-9324-d48011482f6b,"jika ke Jogja pasti pesen lotek disini, soal rasa jangan ditanya dan harga bersahabat tidak nguras dikantong ",5,2022-12-24T10:38:09.076222+07:00,,1,2022-12-24T02:59:21.181862Z,Lotek,CANNED_RESPONSE_FRESHNESS CANNED_RESPONSE_TASTE CANNED_RESPONSE_HYGIENE,,
16ecfb3c-1abf-4c4a-853c-f02ef7aeb533,Bagus sekali enak,5,2022-09-02T13:47:37.731479+07:00,,1,2022-09-02T05:46:13.446618Z,Lotek,CANNED_RESPONSE_FRESHNESS CANNED_RESPONSE_TASTE CANNED_RESPONSE_PORTION CANNED_RESPONSE_HYGIENE CANNED_RESPONSE_PACKAGING CANNED_RESPONSE_VALUE CANNED_RESPONSE_CUTLERY,,
b32395cf-68e9-4f8e-a84e-d9219ba51221,"biasa ada lontong, tapi ini tidak ada.... padahal tidak ada request",2,2022-02-21T18:39:43.547701+07:00,,1,2022-02-21T06:46:20.452994Z,Lotek,,,
d774c379-810d-42a6-b0d8-5263c11c02b4,"enak ,cuma agk beda rasanya nggk sprti biasanya . 🙂",4,2021-09-11T21:05:38.828012+07:00,,2,2021-09-11T06:05:19.780897Z,"Tahu Kupat, Lotek",CANNED_RESPONSE_TASTE,,
9ccfd361-42c6-402b-9dbb-2b17996c0ac1,"Taste is very good, but need more vegetables",4,2020-08-29T17:21:47.864+07:00,,1,2020-08-29T04:28:27.078741Z,Lotek,CANNED_RESPONSE_PORTION,,
8c12a602-604d-4c68-80c1-0009676089ac,Sayurnya dikit banget... untuk harga 19 ribu,1,2019-09-24T12:26:33.315+07:00,,1,2019-09-24T04:38:02.649205Z,Lotek,CANNED_RESPONSE_PORTION,,
8d378dcc-0b06-4e13-b752-a189f25943be,jaga higienitas makanan asli Indonesia untuk Indonesia sehat 🙋🏻‍♂️,5,2023-11-20T14:07:30.432807+07:00,,2,2023-11-20T06:30:31.31635Z,"Nasi Gudeg Krecek Telur, Nasi Gudeg Krecek Telur Tahu",,,
146d7407-78b5-4901-bac3-b724299031cd,"saya suka, sesuai dengan pesanan.",5,2023-05-26T10:34:48.489153+07:00,,1,2023-05-26T03:05:36.539956Z,Nasi Gudeg Krecek Sayap,CANNED_RESPONSE_FRESHNESS CANNED_RESPONSE_TASTE CANNED_RESPONSE_HYGIENE CANNED_RESPONSE_VALUE CANNED_RESPONSE_PACKAGING CANNED_RESPONSE_PORTION CANNED_RESPONSE_CUTLERY,,
f3c7c6ff-e465-41f1-8305-7664cd4d88e7,"Rasanya ok, namun masih kalah dengan Gudeg Yu Djum yang di pusat (dari Selokan Mataram masuk gang lagi) atau yang masuk lewat Jalan Kaliurang",4,2022-10-11T07:36:44.879489+07:00,,2,2022-10-10T00:48:34.517753Z,"Nasi Gudeg Krecek Telur Sayap, Tahu",CANNED_RESPONSE_TASTE,,
79634cfd-1bff-48c3-bb75-49486330a0fa,"mantul x rasa nya, rekomendasi buat yg suka dengan gudek...",5,2022-07-27T20:41:11.282125+07:00,,2,2022-07-27T13:01:12.568388Z,"Nasi Gudeg Krecek Telur, Tahu",CANNED_RESPONSE_TASTE CANNED_RESPONSE_FRESHNESS CANNED_RESPONSE_HYGIENE CANNED_RESPONSE_PACKAGING CANNED_RESPONSE_VALUE CANNED_RESPONSE_PORTION,,
f6758668-b1b9-44c6-b832-d770a892d7a1,selalu enak... gak pernah bosen,5,2022-05-31T18:17:25.623583+07:00,,1,2022-05-31T06:07:37.721885Z,Nasi Gudeg Krecek Telur Paha Atas,,,
62d0a12b-c0ac-46d9-80fc-b3ec7163d465,garing krn ga ada arehnya,3,2022-03-10T16:09:05.102761+07:00,,1,2022-02-11T23:21:44.269976Z,Nasi Gudeg Krecek Telur,,,
6a0475c0-9ad9-469e-b7bc-3f1d086f17a4,Kualitasnya tetap terjaga sejak dulu. Mantap...,5,2021-12-28T08:32:03.158821+07:00,,1,2021-12-28T00:50:04.120856Z,Nasi Gudeg Krecek Telur,CANNED_RESPONSE_TASTE CANNED_RESPONSE_VALUE CANNED_RESPONSE_PACKAGING CANNED_RESPONSE_HYGIENE CANNED_RESPONSE_PORTION CANNED_RESPONSE_FRESHNESS,,
1fd10555-607e-4d92-a2ef-a33f00e203ca,alhamdulillah akhirnya bs mkn gudeg yu jum lagi setelah sekian thn tdk ke jogja. tetep enak dan mantap.,5,2021-10-02T11:08:55.525178+07:00,,2,2021-10-02T03:05:52.884251Z,"Nasi Gudeg Krecek Telur Tahu, Nasi Gudeg Krecek Ayam Suwir",,,
c221055b-9f72-443b-94a2-785f1e4713ef,krecek nya ga diksh cabe..pdhl td udh pesen lgs di aplikasi nya,3,2020-12-23T02:56:50.785+07:00,,1,2020-12-22T11:23:29.741895Z,Nasi Gudeg Krecek Ayam Suwir,,,
8f096faf-1a7b-43a6-b266-9354c271a714,gede bgt porsinya bisa buat 3orang😂,5,2023-11-19T16:30:10.962015+07:00,,1,2023-11-15T11:14:38.282297Z,Nasi / Bubur Gudeg Ayam Suwir +Telor,,,
ea824f56-522f-43a5-a99c-f76b2d99cafc,Kepala ayam tdk ada 🥲🥲,3,2023-04-24T16:07:46.743712+07:00,,3,2023-04-24T08:19:43.143301Z,"Nasi / Bubur Gudeg Telor, Nasi / Bubur Gudeg Sayap Ayam, Nasi / Bubur Gudeg Sayap Ayam + Tahu",,,
16ddade0-960b-433f-84e5-6a34bcb69099,"rasanya enak khas gudeg jaman dulu, cuma nasinya terlalu sedikit 🙊",5,2022-12-10T17:17:15.590432+07:00,,2,2022-12-09T05:50:39.201886Z,"Nasi / Bubur Gudeg Kepala Ayam + Tahu, Nasi / Bubur Gudeg Kepala Ayam + Telor",CANNED_RESPONSE_TASTE CANNED_RESPONSE_HYGIENE,,
7379c0df-c069-41bb-8a4a-d5e6653750dd,"gudeg paling enak yg pernah ak makan,porsinya pas,enakkkkkk",5,2022-08-02T14:11:29.380644+07:00,,1,2022-08-02T06:04:37.148012Z,Nasi / Bubur Gudeg Telor,CANNED_RESPONSE_TASTE CANNED_RESPONSE_FRESHNESS CANNED_RESPONSE_PACKAGING CANNED_RESPONSE_VALUE CANNED_RESPONSE_PORTION CANNED_RESPONSE_HYGIENE,,
4210f3a7-748f-4157-aac1-bf1c6c14dc87,pengen ngawinin chefnya,5,2022-05-08T17:03:03.672637+07:00,,1,2022-05-06T09:52:45.258398Z,Nasi / Bubur Gudeg Ayam Suwir,,,
776dd1b4-51b3-4993-8afe-ec8b66585327,bubur nya dingin seperti  msk kulkas,4,2022-02-28T10:05:59.722238+07:00,,1,2022-02-13T05:13:41.57114Z,Nasi / Bubur Gudeg Tahu,,,
9befadf7-3f94-459e-8120-c2660f99c91e,"enak banget, recommend",5,2021-12-15T19:19:48.032861+07:00,,1,2021-12-15T11:30:50.304045Z,Nasi / Bubur Gudeg Ayam Suwir +Telor,CANNED_RESPONSE_FRESHNESS CANNED_RESPONSE_TASTE CANNED_RESPONSE_PORTION CANNED_RESPONSE_HYGIENE CANNED_RESPONSE_PACKAGING CANNED_RESPONSE_VALUE,,
2b707359-1944-4c38-bff7-eb5b747c972c,"Rasa enak, kuah arehnya juga ga pelit mantep",5,2021-08-06T17:47:13.173746+07:00,,2,2021-08-06T10:01:29.937421Z,"Nasi / Bubur Gudeg Telor + Tahu, Nasi / Bubur Gudeg Ayam Suwir + Tahu",,,
cb85ffa2-f6c8-45a0-a0b4-e2c4892b2528,Hanya packagingnya aja yang kurang sreg karena pake styrofoam,5,2020-01-14T09:25:14.338+07:00,,1,2020-01-13T09:22:49.475191Z,Nasi / Bubur Gudeg Telor,,,
c90d81bf-3d06-4c68-9c74-fb12930b1648,"hari ini rasa 4 lotek yang saya pesan amburadul, asin, ada rasa pait kacang... pokoknya tidak seperti biasanya ",1,2023-11-12T14:27:49.008717+07:00,,2,2023-11-12T06:40:37.558943Z,"Lotek Kupat, Bakwan",CANNED_RESPONSE_TASTE,,
53e5f232-2f4d-43d4-ad5f-320235506322,enakkk bangetttt.. selalu seneng order disini.. masaknya cepet dan selalu pas bumbunya.. klo ada yg kosong jg lngsung dikabari mau ganti apa.. pokoknya kedai sinang kesayangan bgt..,5,2022-09-24T18:19:23.820465+07:00,,2,2022-09-24T05:59:56.197841Z,"Lotek Kupat, Gado - Gado Kupat",CANNED_RESPONSE_FRESHNESS CANNED_RESPONSE_TASTE CANNED_RESPONSE_PORTION CANNED_RESPONSE_PACKAGING CANNED_RESPONSE_HYGIENE CANNED_RESPONSE_VALUE CANNED_RESPONSE_CUTLERY,,
5268335b-342a-415c-85eb-5fbdf366c855,"Pesen lotek telur Tanpa ketupat cabe 10, datengnya bakwan bumbu. Payah! Ngapain gue buang uang 40,000 buat bakwan doang!",1,2021-09-07T12:37:56.722085+07:00,,3,2021-09-07T05:00:24.416065Z,"Lotek Telur, Cabe, Kerupuk",,,
950bd823-4689-40e4-b6b2-01bbfc1950de,beda cabang agak beda rasanya..,3,2019-11-10T13:19:33.044+07:00,,2,2019-11-09T07:31:52.313962Z,"Lotek Telur, Gado - Gado Kupat",,,
0b774246-8dc0-4036-a840-80d465398502,bakpianya enak. kalo beli merek bakpiaku aja,5,2023-10-23T18:34:09.392882+07:00,,1,2023-10-18T13:48:58.539853Z,Bakpiaku Isi 20 Rasa Keju,,,
fe117557-f094-4797-a95a-cf9bc10e93a9,"sayang mungkin sdh jam 19.00 nangka gorinya sudah agak basi, jadi tdk bisa dimakan, yg lainnya OK semua",4,2023-08-08T19:14:26.690428+07:00,,2,2023-08-08T11:29:27.5764Z,"Nasi Gudeg Krecek Suwir, Nasi Gudeg Krecek Telur",CANNED_RESPONSE_PORTION CANNED_RESPONSE_HYGIENE CANNED_RESPONSE_PRICE CANNED_RESPONSE_PACKAGING CANNED_RESPONSE_CUTLERY_INCORRECT,,
9528f1b7-fa67-4cee-a86c-1a29a077f77e,the taste is good and fast delivey,5,2022-03-24T15:03:44.451318+07:00,,1,2022-03-22T10:16:24.989095Z,Nasi Gudeg Krecek Dada + Telur,CANNED_RESPONSE_TASTE,,
32bd9bd6-4798-407b-afa2-32f0d0b81ce8,"Anda layak dapat bintang, joosss gandos gudegnya, enak tp ga bikin eneg, sukses terus untuk bisnis gudegnya, bu.",5,2020-11-19T18:41:04.152+07:00,,1,2020-11-19T11:04:43.109743Z,Nasi Gudeg Krecek Telor + Tahu,CANNED_RESPONSE_TASTE CANNED_RESPONSE_PORTION,,
51d35cc1-0c68-476e-b649-fa963771733e,nyeseeeeeL saya beliny 3 doang... ter Enaaak se Jogya sesuai lidah saya,5,2019-10-29T19:07:15.818+07:00,,3,2019-10-28T00:41:29.703674Z,"Nasi Gudeg Krecek Sayap, Nasi Gudeg Krecek Suwir, Nasi Gudeg Krecek Telor + Tahu",,,
47cf5fd4-82d6-4024-bc6b-d508168c0559,sippp makasii yA,5,2023-10-29T19:26:31.030885+07:00,,4,2023-10-29T11:38:17.856993Z,"Bakpia Coklat Isi 15, Bakpia Aneka Rasa Isi 10, Bakpia Kacang Hijau Isi 10, Bakpia Kacang Hijau Isi 20",CANNED_RESPONSE_PACKAGING,,
1a1966b9-374f-4e8c-b09d-8bd0e89a5302,cocok untuk jadi oleh2,5,2022-07-26T14:16:37.379295+07:00,,1,2022-07-25T07:34:48.283002Z,Bakpia Kacang Hijau Isi 20,,,
690b4a49-4e50-4c3f-9fe4-d9779ece8115,suka banget kulitnya tipis berlapis lapis dan isiannya lezat. teruskan promonya ya Kak,5,2022-01-07T12:21:56.478757+07:00,,5,2021-12-28T02:19:19.386684Z,"Bakpia Greentea isi 10, Bakpia Keju Isi 15, Bakpia Kacang Hijau Isi 10, Bakpia Keju Isi 10, Bakpia Coklat Isi 10",,,
38ce517c-0640-4d45-bd59-13cab378cedc,"beli 3 bungkus, 1 bungkusnya ada ulatnya hiks",4,2023-11-16T14:37:48.71208+07:00,,1,2023-11-06T04:19:21.821387Z,Lotek Telur,,,
f4564e11-0904-4a6e-b8dc-9952457653ed,enak bangett sayang ngak ada kerupukk 😭,5,2023-08-11T18:18:03.906676+07:00,,1,2023-08-11T05:05:54.726169Z,Lotek Kupat,CANNED_RESPONSE_HYGIENE CANNED_RESPONSE_FRESHNESS CANNED_RESPONSE_TASTE CANNED_RESPONSE_PACKAGING CANNED_RESPONSE_PORTION,,
741a0c29-d395-45cd-bb38-4fe22775c5f7,"tahu mboten gimbal biasa dapet kupat/lontong ini ga dapet sama sekali full di isi kol sama tauge 🥲 dan bumbunya jadi kuah encer sekali di tambah ulekan kacangnya mengendap 
bad sekali ",1,2023-04-18T15:10:38.918778+07:00,,4,2023-04-18T07:22:38.037357Z,"Lotek Nasi, Tahu (Mboten) Gimbal, Nasi Putih, Tjap Djaek",,,
078525b8-a01e-42b1-8450-37929e2a0c84,"saya pesan lotek telur, yg datang lotek tanpa telur. mohon lebih teliti kedepannya",3,2023-01-04T12:49:01.984383+07:00,,3,2023-01-04T04:59:39.206434Z,"Lotek Telur, Es Jeruk, Kerupuk",,,
b6715a85-11c5-4b32-8fdd-23af5049fc2f,"Yg datang lotek 2, gado-gado 1, order nya gado-gado 2, lotek 1 😑",3,2022-10-15T18:20:58.926001+07:00,,2,2022-10-15T04:33:46.268657Z,"Lotek Kupat, Gado - Gado Kupat",CANNED_RESPONSE_ORDER,,
aa15984e-dbd8-46f5-8212-ed6bd1bb808c,kurang pas bumbunya...tidak sprti dulu,2,2022-07-02T13:38:44.521925+07:00,,3,2022-07-02T03:38:49.604818Z,"Gado - Gado Kupat, Lotek Kupat, Cap Cay Goreng / Rebus",,,
ceafb04e-8241-45a4-a616-ee56ebccb3c8,tks sdh mengantar pesanan makanan sampai kami,5,2022-05-03T12:43:08.603344+07:00,,1,2022-05-03T04:30:00.151077Z,Lotek Kupat,,,
393ddb77-2e6e-4484-8314-2c61598131de,"add tomatoes, please",4,2022-01-15T17:54:25.198153+07:00,,2,2022-01-15T04:53:08.154209Z,"Lotek Kupat, Bakwan",CANNED_RESPONSE_TASTE CANNED_RESPONSE_PORTION,,
8e4a21e9-391b-4079-be70-f5e279d5b56d,Ada ulatnya... mohon dijaga kebersihannya 🙏,3,2021-11-20T10:16:42.876732+07:00,,2,2021-11-20T02:02:48.766846Z,"Lotek Kupat, Bakwan",,,
b36a17eb-0bd3-43f9-8645-0547176b01f7,Langganan keluarga,5,2021-08-22T15:18:03.056977+07:00,,3,2021-08-21T03:24:38.165731Z,"Lotek Telur, Gado - Gado Kupat, Kerupuk",CANNED_RESPONSE_FRESHNESS CANNED_RESPONSE_TASTE CANNED_RESPONSE_PORTION CANNED_RESPONSE_HYGIENE CANNED_RESPONSE_PACKAGING CANNED_RESPONSE_VALUE,,
50346ffd-141c-4b10-a8b5-385f7f52f459,Pesen gado gado isinya Kobis semua 🥵🥵🥵,3,2021-06-22T12:40:06.011699+07:00,,2,2021-06-20T04:49:14.64369Z,"Gado - Gado Kupat, Lotek Telur",,,
87bf9b5f-8b14-408c-90a1-bba5b10b1705,porsinya melimpah,5,2021-02-24T13:57:47.428662+07:00,,3,2021-02-24T06:12:31.250169Z,"Lotek Kupat, Tahu (Mboten) Gimbal, Tahu / Tempe Bacem",CANNED_RESPONSE_TASTE CANNED_RESPONSE_PORTION CANNED_RESPONSE_HYGIENE CANNED_RESPONSE_PACKAGING CANNED_RESPONSE_VALUE,,
b93462b6-e6b1-4547-b5da-26c2fcf38d90,"loteknya enak, tapi bihun gorengnya rasa micin, kayaknya kedobel ngasih micinnya 😵",3,2020-09-11T13:49:17.196+07:00,,2,2020-09-11T06:17:09.746773Z,"Bihun Boreng / Rebus, Lotek Kupat",,,
4bfb4aae-04cf-4323-9575-83551f5d4003,di lotek saya ada kalajengking matinya,1,2020-03-03T15:23:26.855+07:00,,1,2020-03-03T07:46:07.528523Z,Lotek Bumbu Pisah,,,
37781fbf-0f5c-46ad-aff8-434bcd9c1e0f,kerupuknya melempem,4,2020-01-12T14:40:49.007+07:00,,1,2020-01-12T07:00:12.376964Z,Lotek Kupat,,,
ba3b44ef-8dc4-4d76-8e0c-a04dac9049e1,"Biassnya telur rebus, ini kok diberi telur dadar..?",3,2019-12-15T04:43:08.168+07:00,,1,2019-12-11T04:52:58.756309Z,Lotek Telur,,,
30d20356-fa4e-4755-a921-931439da0c03,kobis terlalu banyak,4,2019-11-15T19:14:36.511+07:00,,1,2019-11-15T04:20:14.237022Z,Lotek Kupat,,,
72b76f09-de0f-4902-9b7e-1240112cc0cc,"jusnya kurang lama ngeblendernya, jadi masih ada yang utuh buahnya.",4,2019-09-20T14:20:45.706+07:00,,2,2019-09-20T06:40:07.221856Z,"Lotek Kupat, Jus Sirsak",CANNED_RESPONSE_TASTE,,
b2d77f32-691b-49f0-912c-85e2ae8a5af6,"Rasa enak, porsi banyak, ikan gak amis.. Cocok utk yg lagi belajar makan ikan
. Mantab pokoknya",5,2021-11-11T12:57:17.614997+07:00,,3,2021-10-29T06:43:52.048861Z,"Ngikan POP!, Ikan Sambal Oseng Mercon, Ikan Sambal Woku",CANNED_RESPONSE_TASTE CANNED_RESPONSE_PORTION CANNED_RESPONSE_PACKAGING CANNED_RESPONSE_VALUE,,
1c993b23-709a-4c7c-9532-e4c01f3d65af,Nasinya kurang empuk,4,2021-03-02T11:31:44.465836+07:00,,1,2021-02-26T06:33:18.997372Z,Ikan Sambal Oseng Mercon,,,
cfd64be0-06ad-4fdc-a743-4e16a1b05595,bakpia yg rasa kumbu hitam tidak fresh,4,2023-10-04T16:54:11.462372+07:00,,4,2023-09-30T12:06:53.365202Z,"Bakpia Basah Kumbu Hitam Isi 15, Bakpia Basah Keju Isi 15, Bakpia Kacang Hijau Original Isi 10 - Juwara Satoe, Bakpia Basah Coklat Premium Isi 15",,,
c33bce4e-fc36-49f0-98b7-1097d60bb407,"mantap, besar2 bakpiany",5,2022-10-13T14:45:35.654287+07:00,,2,2022-10-09T02:00:35.107485Z,"Bakpia Basah Kumbu Hitam Isi 15 - Juwara Satoe, Bakpia Basah Kacang Hijau Isi 15 - Juwara Satoe",CANNED_RESPONSE_TASTE,,
37347e12-7fb5-46f7-831d-82364c79552b,"masih ada beberapa helai rambut, tolong diikat ya kalau sedang masak.",3,2023-04-29T12:30:57.848391+07:00,,2,2023-04-29T04:58:40.855545Z,"Lotek Sayur, Lotek Sayur",CANNED_RESPONSE_HYGIENE,,
bf5269d5-1b3f-4ac4-8617-8d3faccbfe7e,"Sempat ada yang kurang, tapi restonya fast respon waktu dikomplain via WA yang ada di info resto & bertanggung jawab mengantarkan kekurangannya. Terima kasih",5,2021-11-06T14:24:46.114054+07:00,,3,2021-11-06T05:50:16.739535Z,"Kupat Tahu, Gorengan (Tempe, Bakwan), Paket Lotek + Gorengan",CANNED_RESPONSE_FRESHNESS CANNED_RESPONSE_TASTE CANNED_RESPONSE_PORTION CANNED_RESPONSE_HYGIENE CANNED_RESPONSE_PACKAGING CANNED_RESPONSE_VALUE,,
9e42e307-360b-40dc-b380-cc819a91219a,mantap enakk pooll 🤩,5,2023-11-23T19:24:42.723251+07:00,,3,2023-11-23T11:31:51.829817Z,"Gado-gado, Krupuk Lotek, Bakwan",,,
2a11a852-9fc9-4aad-9abb-1730aae2bc09,bumbunya kurang berasa ,3,2022-05-10T15:54:03.442494+07:00,,1,2022-05-10T02:44:29.564306Z,Bakso Mercon,,,
53bf3464-f8e1-42a3-8e9a-6abbf804af17,gak enak blas gal lengkap sayurnya,1,2023-11-22T14:25:59.428148+07:00,,1,2023-11-22T06:44:45.728769Z,Lotek Biasa,CANNED_RESPONSE_TASTE CANNED_RESPONSE_VALUE,,
c3858b10-2189-4ad0-b6e0-d7daf9f2fb93,"Kadang bumbunya enak, kadang hambar",4,2022-07-04T11:56:51.7916+07:00,,1,2022-07-03T04:48:42.944184Z,Lotek + Telur,,,
b0052182-9e8a-4245-a75d-33dff6f9e1c9,Pesen minta pedes g pernah pedes. Smp dtulis lbh pdes dr kmrn. Ttp sm aj,3,2021-11-16T07:59:01.096747+07:00,,1,2021-11-10T04:36:31.156286Z,Lotek Biasa,CANNED_RESPONSE_ORDER CANNED_RESPONSE_ORDER,,
76f2982b-9c86-45a8-89ac-9ef4bcedf2a9,tahu bakso'a kurang asin dikit 🤭,5,2021-05-27T12:41:05.89536+07:00,,3,2021-05-27T05:02:50.373117Z,"Lotek Biasa, Tahu Bakso, Gado-gado Biasa",CANNED_RESPONSE_FRESHNESS CANNED_RESPONSE_TASTE CANNED_RESPONSE_PORTION CANNED_RESPONSE_HYGIENE CANNED_RESPONSE_PACKAGING CANNED_RESPONSE_VALUE,,
400b3141-145e-4fa5-a7f6-49e2fd47cfab,pesan nasi pecel + telur tapi yang datang tanpa telur. Dan harganya tidak berkurang. cek lagi ketelitian,2,2020-06-28T21:46:57.729+07:00,,2,2020-06-28T04:06:52.840271Z,"Lotek + Telur, Nasi Pecel + Telur",CANNED_RESPONSE_PORTION,,
b2508bd6-5727-44be-af0d-89aafbf177b3,"lotek : minim sayur
gado gado : dominasi kobis",3,2020-02-23T09:46:34.293+07:00,,3,2020-02-19T04:13:25.452866Z,"Lotek Biasa, Gado - Gado + Telur, Gorengan",,,
c846f394-b8d3-496a-a7cc-3283bd2ddc4c,"bumbu loteknya kurang sedep, gorengannya juga melempem",3,2019-12-13T14:02:13.419+07:00,,2,2019-12-13T04:40:47.119349Z,"Gado - Gado + Telur, Lotek Biasa",CANNED_RESPONSE_TASTE,,
16d06467-d71d-4d9c-9799-95fb0c71b595,"pesen lotek + telur, tapi ngga ada telurnya 👍",4,2019-09-06T11:58:27.711+07:00,,2,2019-09-06T04:29:24.433678Z,"Lotek + Telur, Bakwan",CANNED_RESPONSE_PORTION,,
f705cff0-3e7a-48a5-982b-87ee7610f8b9,bakso/pentol merconnya belum matang,3,2021-11-01T07:52:13.490665+07:00,,4,2021-11-01T00:07:22.568716Z,"Sate Ayam Biasa, Tahu Tek Telur, Es Teh, Bakso Mercon",,,
899b1897-7d9e-4e0c-bd59-ade2afe5131c,bakso nya enak sih tapi kuah nya uuuuaasiiinn bgt..yg jual pngn kawin kah😭🤣,3,2022-05-20T16:38:21.266021+07:00,,2,2022-05-20T08:49:21.530278Z,"Bakso Mercon, Bakso isi Daging Cincang",CANNED_RESPONSE_TASTE,,
f2e2adea-6ae4-4e02-bfac-d7324cfff225,"sedih bgtt pesan es jeruk tp es jeruknya ga dikasih, ntah emg lg banyak pesanan atau gmn tapi lain kali tolong diperhatikan lagi ya pesanannya:(",3,2023-10-03T11:46:25.202401+07:00,,5,2023-10-03T04:10:21.803187Z,"Lotek Kupat, Magelangan, Es Jeruk, Kupat Tahu, Kerupuk",,,
3e51581b-c3f1-4a0e-821d-1b3ceb1708fe,pesen lotek telurr .. yg dateng lotek tanpa telurrr bosss.. haduh,2,2022-02-20T16:15:02.999476+07:00,,2,2022-02-20T08:34:49.609394Z,"Lotek Telur, Gado - Gado Kupat",CANNED_RESPONSE_ORDER,,
55761918-7347-401e-b4cb-bac9939479a5,akurasi pesanan perlu ditingkatkan,3,2021-06-20T13:10:04.043452+07:00,,2,2021-06-20T05:02:28.49789Z,"Lotek Kupat, Bakwan",,,
2290a39a-1ed5-419d-9e10-95ad389f57a0,"pesennya lotek telur, tp ngga dikasih telur.",1,2019-11-22T18:28:57.261+07:00,,3,2019-11-22T10:27:58.197936Z,"Telur Dadar / Ceplok / Rebus, Bakwan, Lotek Telur",,,
793c383a-72e1-4eea-85b6-0f2b78cc25e1,bumbunya terlalu manis,3,2019-09-30T19:55:39.066+07:00,,2,2019-09-28T03:52:40.916185Z,"Gado - Gado Kupat, Lotek Telur",CANNED_RESPONSE_TASTE,,
66660870-ffe8-4bcf-b423-e1af89d2f15a,mie goreng oseng lombok ijo nya diganti bihun tanpa pemberitahuan ,2,2023-01-04T06:50:48.628164+07:00,"{'id': '7e446721-0cb4-43e4-8d56-8886e1ab7211', 'text': 'Halo kak\nMohon maaf sebelumnya.. \nMaaf u konfirmasi saja..Oseng mie itu memang bihun yaa kak jdi kami tdk bermaksud membuat kesalahan. 🙏', 'createdAt': '2023-01-05T10:42:17.054122534+07:00', 'author': {'fullName': 'Ika Yulita', 'isMerchant': True}}",4,2023-01-03T23:27:09.345953Z,"Paket Nasi Kuning Rica Ati, Nasi Kuning Lincak, Oseng Mie, Bergedel",CANNED_RESPONSE_ORDER,"Halo kak
Mohon maaf sebelumnya.. 
Maaf u konfirmasi saja..Oseng mie itu memang bihun yaa kak jdi kami tdk bermaksud membuat kesalahan. 🙏",2023-01-05T10:42:17.054122534+07:00
ce561da4-05c1-43df-970b-4d662b1b39db,"yang ga enak cuma pentolnya,astaga ga dikasih sambel acan,rasanya anyep bgt pula 😂 bukan pentol malah kayak cilok biasa 🤣 ",5,2022-06-28T22:21:09.147775+07:00,,5,2022-06-27T02:13:22.399283Z,"Oseng Mie, Kering Tempe, Bergedel, Rica-rica Ati Ampela Ayam, Ayam Suwir Pedas",,,
92bda644-fa28-4699-9200-f51185c46b30,Porsinya terlalu sedikit sih menurutku,1,2023-10-31T15:36:41.079972+07:00,,4,2023-10-31T07:52:06.584078Z,"Es Batu, Teh Poci Mangga, Ceker Mercon, Oseng Tempe Lombok Ijo",CANNED_RESPONSE_PORTION,,
e5e63f47-06c4-4067-88e0-742f18dc6072,porsi oseng tahu lombok ijo terlalu sedikit,4,2022-06-15T11:17:43.981102+07:00,,3,2022-06-15T03:46:34.464734Z,"Oseng Tahu Lombok Ijo, Soup sayuran, Soup Jamur Tiram",,,
57718fb1-4eeb-43f0-880f-544f605b6bba,"pesen sop makaroni tapi makaroni nya cm 1 biji, rasanya ga enak sama sekali, sop baksonya jg ga seger alias baksonya basi, cekernya ga mateng masih ada warna darahnya dan keras. warung makan terburuk di gofood. chef juna menangis melihat ini 😭",1,2022-03-13T22:10:56.965654+07:00,"{'id': '0ad2d6d2-ad28-4d53-b02f-8781d96c8f87', 'text': 'Selamat sore bos..terimakasih atas ulasannya dan kami mohon maaf blm bisa memuaskan anda bos,ahhh mosok yg terburuk?sebegitu burukkah kami sehingga GoBiz memilih kami sebagai super partner?bila kurang puas silahkan hub.kami 085292189701,terimakasih.', 'createdAt': '2022-04-24T14:15:13.399781938+07:00', 'author': {'fullName': 'Amalia Diah', 'isMerchant': True}}",3,2022-03-13T14:17:10.893855Z,"Ceker Mercon, Soup Bakso, Soup Makaroni",CANNED_RESPONSE_FRESHNESS CANNED_RESPONSE_TASTE CANNED_RESPONSE_PORTION CANNED_RESPONSE_HYGIENE CANNED_RESPONSE_PRICE CANNED_RESPONSE_PACKAGING CANNED_RESPONSE_VALUE CANNED_RESPONSE_ORDER,"Selamat sore bos..terimakasih atas ulasannya dan kami mohon maaf blm bisa memuaskan anda bos,ahhh mosok yg terburuk?sebegitu burukkah kami sehingga GoBiz memilih kami sebagai super partner?bila kurang puas silahkan hub.kami 085292189701,terimakasih.",2022-04-24T14:15:13.399781938+07:00
975cbf1c-87fe-4b7e-8796-02a8bc46bacd,"mantappp minta yg baru dikasih yg panas, tq seller sukses terus ",5,2022-01-13T12:46:35.435342+07:00,,3,2022-01-13T05:17:14.093778Z,"Paket CERIA isi 6 Box Bakpia isi 20 (Free Dus Traveler Packing), Tambahan Kardus Traveler Packing Muat Hingga 6 Kotak Bakpia, Kacang Hijau Original Isi 20",CANNED_RESPONSE_FRESHNESS CANNED_RESPONSE_TASTE CANNED_RESPONSE_PORTION CANNED_RESPONSE_PACKAGING CANNED_RESPONSE_HYGIENE CANNED_RESPONSE_VALUE,,
84bacde4-fe9b-479b-ad9e-e179fdf4352f,"Saya pesan 6 box semua isi 20, tapi ada satu box yang isi 15, :(. Tidak bisa komplen karena kondisi hujan dan driver pun tidak cek. ",4,2021-09-11T21:45:22.523774+07:00,"{'id': 'c4f406dc-ddca-4802-aa87-d6db1364d7b4', 'text': 'Hallo kak, jika terdapat kesalahan pada pesanan maka bisa di lakukan claim ke nomor resto cabang terkait, semua keluhan dan pelayanan akan kami layani dengan free , Terimakasih', 'createdAt': '2021-09-14T16:53:03.958043181+07:00', 'author': {'fullName': 'Ade Kurniawan', 'isMerchant': True}}",3,2021-09-11T10:37:50.970818Z,"Paket CERIA isi 4 Box Bakpia isi 20 (Free Dus Traveler Packing), Kacang Hijau Rasa Coklat Isi 20, Bakpia Mix Aneka Rasa Buah isi 20",,"Hallo kak, jika terdapat kesalahan pada pesanan maka bisa di lakukan claim ke nomor resto cabang terkait, semua keluhan dan pelayanan akan kami layani dengan free , Terimakasih",2021-09-14T16:53:03.958043181+07:00
5b38214e-d048-4c37-8f20-3fddcc32e295,Pasti pesen lagi ,5,2021-05-30T09:52:48.879472+07:00,,3,2021-05-28T06:13:32.48349Z,"Kacang Hijau Isi 15, Bakpia Kumbu Hitam Isi 20, Kacang Hijau Mix ori dan Kumbu Hitam isi 20",CANNED_RESPONSE_VALUE,,
d3cfe282-cc5b-4724-9213-c45ab453c093,mbok nasinya ditambahi..,4,2023-11-07T07:00:27.164956+07:00,,1,2023-11-06T23:27:58.144937Z,Nasi Gudeg Krecek Telor Suwir,,,
dc429edd-4fe1-4f9c-a71f-4bc1b22994b0,Enak bgt sumpah dah,5,2022-04-28T10:54:07.405562+07:00,,1,2022-04-28T03:17:07.6639Z,Nasi Gudeg Krecek Telur,,,
f51ad2d9-7597-485d-b65c-6d54e2b00bac,"Gudeg terfavorit dari semua merk, rasaya benar2 pas, ayam emppuk, nasi pulen, telur mantap, krecek tidak prengus, gudeg tidak eneg, mantul semua",5,2023-10-29T13:52:04.50896+07:00,,1,2023-10-21T07:11:10.387502Z,Nasi Gudeg Telor Suwir,CANNED_RESPONSE_TASTE CANNED_RESPONSE_PORTION CANNED_RESPONSE_HYGIENE CANNED_RESPONSE_PACKAGING CANNED_RESPONSE_VALUE,,
c2efa6f5-1ec4-4eba-8158-1794237720b5,Daging paha bisa lebih dikit,4,2022-12-08T12:15:38.67533+07:00,,2,2022-12-08T03:33:40.605553Z,"Nasi Gudeg Paha, Nasi Gudeg Paha",CANNED_RESPONSE_PORTION,,
1879d290-8955-4ba5-a5a3-ca907886d542,Pak. Ini kok ndk ad pilihan tip yaa .. atau tunggu sbntr . Saya mau sampai pak,5,2022-04-23T14:07:41.193045+07:00,,1,2022-04-23T06:35:02.515183Z,Nasi Gudeg Tahu,,,
ebb717b0-e0bc-4af4-809a-17a609a7c1f4,arehnya kyk gk fress,2,2020-12-01T14:29:57.469+07:00,,1,2020-11-29T13:47:02.771465Z,Nasi Gudeg Sayap,CANNED_RESPONSE_TASTE,,
657be649-4dae-4afa-acc2-244594e2b329,ayam suir nya dikit banget,3,2019-12-01T13:30:15.205+07:00,,1,2019-12-01T01:56:15.052104Z,Nasi Gudeg Suwir Telor,CANNED_RESPONSE_PORTION,,
37c2e3f4-38ca-4993-a394-5c807106f397,enak tolong di pertahanin ya,5,2023-11-20T21:47:46.961743+07:00,,1,2023-11-15T02:29:46.074736Z,Nasi Pecel + Oseng Tempe + Peyek + Telur,CANNED_RESPONSE_FRESHNESS CANNED_RESPONSE_TASTE CANNED_RESPONSE_PORTION CANNED_RESPONSE_PACKAGING CANNED_RESPONSE_VALUE CANNED_RESPONSE_CUTLERY,,
b34dfd28-4d89-4b79-9396-2a6f3121a93b,"- mantap sambel pecelnya..., jempol limo 👍🏽👍🏽👍🏽👍🏽👍🏽",5,2023-02-27T09:59:05.811841+07:00,,3,2023-02-27T01:38:45.113421Z,"Nasi Pecel + Oseng Tempe + Peyek + Tempe + Telur, Peyek teri, Telur Asin",CANNED_RESPONSE_FRESHNESS CANNED_RESPONSE_TASTE CANNED_RESPONSE_PORTION CANNED_RESPONSE_HYGIENE CANNED_RESPONSE_PACKAGING CANNED_RESPONSE_VALUE CANNED_RESPONSE_CUTLERY,,
1a8a557f-5270-47a4-9e2e-c650d0c59fe3,"bumbunya kelewat pedas, sayuran ya dikiiiit banget Gak sebanding ama nasinya.",3,2022-07-09T10:06:30.54407+07:00,,3,2022-06-30T06:02:32.522289Z,"Nasi Pecel + Oseng Tempe + Peyek + Telur, Es Jeruk, Paket A",CANNED_RESPONSE_TASTE CANNED_RESPONSE_PORTION CANNED_RESPONSE_PACKAGING CANNED_RESPONSE_FRESHNESS,,
afbea06d-e970-4514-aa95-7f6a4bcac4fe,rasanya enak  banget tapi peyek nya kurang banyak 😄😄,4,2021-12-13T15:50:15.938407+07:00,,1,2021-12-13T08:04:56.622927Z,Nasi Pecel + Oseng Tempe + Peyek,CANNED_RESPONSE_FRESHNESS CANNED_RESPONSE_TASTE CANNED_RESPONSE_PORTION CANNED_RESPONSE_HYGIENE CANNED_RESPONSE_PRICE CANNED_RESPONSE_PACKAGING,,
a407e1a3-4c2e-46d4-bd2d-8d7ca6e932d1,"mantull, paket cepat sampai",5,2023-07-13T10:09:32.21661+07:00,,6,2023-07-13T02:44:20.257507Z,"Gudeg Kaleng Bu Tjitro - ORIGINAL, Gudeg Kaleng Bu Tjitro - PEDAS, Sambel Goreng KRECEK MERCON - kaleng -  BU TJITRO, Sambel Goreng KRECEK ORIGINAL - kaleng -  BU TJITRO, Wedang Uwuh - Isi 10 pack, Wedang Uwuh Jahe Merah - Isi 10",CANNED_RESPONSE_FRESHNESS CANNED_RESPONSE_TASTE CANNED_RESPONSE_PORTION CANNED_RESPONSE_HYGIENE CANNED_RESPONSE_PACKAGING CANNED_RESPONSE_VALUE CANNED_RESPONSE_CUTLERY,,
7909cfd9-6472-43df-b4e1-123882d1f0e9,promonya oke bangeeeet,5,2022-01-28T10:48:10.995082+07:00,,3,2022-01-28T02:55:54.633371Z,"Yangko  GIANT Aneka Rasa, Mino - Mini Nopia PADI MAS - GULA, Madu Mongso",,,
fb864671-4ad9-49c9-bf6f-d356756c6afd,"telur nya uatos bianget, gak fresh ya? seperti telur anget2an kemarin. dipotong pake sendok memcolot, loncat",3,2023-10-22T06:17:37.251517+07:00,,1,2023-09-22T12:54:19.04748Z,Nasi Gudeg Krecek Telur,,,
b736d706-cf96-4806-8706-8a53980c2e18,enak tapi kurang asin dikit,5,2022-12-21T21:05:15.126751+07:00,,2,2022-12-21T07:45:56.638639Z,"Nasi Gudeg Krecek Telur Paha Atas, Nasi Gudeg Krecek Telur Dada",,,
a8655cf9-ec38-4ea2-8576-452726e1739a,Jadi gini kita yg niat beli oleh oleh via gofood itu karena ada keterbatasan waktu dan tidak sempat beli langsung.  Jadi toko anda sebenernya bisa menjual dengan harga lebih mahal asal kualitas barang bagus seperti expired tidak mepet. Ini yg di kirim ke saya semua expired 2 harj lagi. Jadi saya sarankan untuk yang lain jangan order di toko ini lagi,1,2023-10-21T23:12:23.753268+07:00,,2,2023-10-21T06:13:17.440738Z,"Pathok 25 Keju, Pathok 25 Kacang Hijau ( Bakpia Basah )",CANNED_RESPONSE_FRESHNESS CANNED_RESPONSE_VALUE,,
47a0c9fd-1fc0-43b3-a04f-7e18b112d5f0,"telurnya masih ada cangkangnya, mungkin lebih teliti lagi supaya kebersihannya terjaga, rasanya enak",2,2023-10-31T16:43:12.592917+07:00,,2,2023-10-31T04:15:59.699327Z,"Lotek Kupat, Gado Gado",CANNED_RESPONSE_HYGIENE CANNED_RESPONSE_FRESHNESS,,
24ed60d7-705b-4b4f-8e98-b6fb9cff3d85,"lotek paling pas rasanya, sayuran selalu segar, pertahankan.. 👍",5,2021-12-01T16:53:35.983117+07:00,,2,2021-11-30T05:23:21.159988Z,"Lotek Tanpa Kupat, Tahu Guling",CANNED_RESPONSE_FRESHNESS CANNED_RESPONSE_TASTE CANNED_RESPONSE_PORTION CANNED_RESPONSE_HYGIENE CANNED_RESPONSE_PACKAGING CANNED_RESPONSE_VALUE,,
9b1f2b5e-e743-4e95-8c76-debc99e59d5b,"Request pedes sedikit, datangnya puedeesss buanget😅",2,2023-11-23T17:41:44.240673+07:00,,2,2023-11-19T11:00:18.418913Z,"Tengkleng, Mie Lethek Goreng",CANNED_RESPONSE_TASTE,,
cf105fb0-05cf-4cf2-8f3c-2fabb271ed0f,"Kelihatan nya aja banyak, asli nya ga worth dengan harga segini,,, rasa biasa ajah,,, cukup bintang 1",1,2022-06-01T21:08:20.451704+07:00,"{'id': 'b26c7300-07bd-4bd4-b3bb-a27e320ada82', 'text': 'Selamat sore kak , untuk standar porsian dari menu sate dan menu lainnya sudah mengikuti standart . Dan beberapa gerai pun porsiannya juga sama  kebanyakan , untuk daging dan rasa kami selalu utamakan kwalitasnya.  Terimakasih atas ulasan kakak.', 'createdAt': '2022-07-20T17:08:13.934916464+07:00', 'author': {'fullName': 'jeff daniel', 'isMerchant': True}}",4,2022-06-01T13:01:15.399334Z,"Gule Daging, Paket Sate Klathak + Nasi, Kicik, Krupuk",,"Selamat sore kak , untuk standar porsian dari menu sate dan menu lainnya sudah mengikuti standart . Dan beberapa gerai pun porsiannya juga sama  kebanyakan , untuk daging dan rasa kami selalu utamakan kwalitasnya.  Terimakasih atas ulasan kakak.",2022-07-20T17:08:13.934916464+07:00
ff469f83-6eb3-4608-a484-4e0cadab1120,not recommended,3,2021-11-01T12:38:05.583105+07:00,,2,2021-10-30T14:42:23.721929Z,"Sate Klathak, Tongseng",,,
c58f60cb-b884-46ff-8c15-2e589038ebfd,"mf sy sering sdh sering langganan go food d sini,bwt pesenan hr ini td sy sgt kecewa,,pesenan yg dtg tdk sesuai,,sy pesen oseng mercon,tp yg dtg cm ayam geprek biasa aj,bukan oseng mercon,,pdhl hargana oseng mercon",2,2020-05-18T13:31:38.853+07:00,,3,2020-05-18T02:16:39.194762Z,"Paket Geprek Bensu Oseng Mercon, Mie Goreng, Nasi Putih",,,
c477fa6f-c593-4cd4-a302-eabbbfed2e7a,sayur kurang banyak. banyak gorengannya doang. kl rasa enak,3,2023-11-15T10:51:42.439975+07:00,,2,2023-10-21T04:41:59.162341Z,"Nasi Goreng Telur, Lotek",,,
ad2c3291-f7d5-4dfe-9f95-d73a2ba053a7,superb fresh ingredients!,5,2023-08-30T07:53:12.716774+07:00,,3,2023-08-29T02:30:54.491615Z,"Lotek, Gado-Gado, Nasi Pecel",CANNED_RESPONSE_VALUE CANNED_RESPONSE_HYGIENE CANNED_RESPONSE_FRESHNESS CANNED_RESPONSE_TASTE CANNED_RESPONSE_PORTION CANNED_RESPONSE_PACKAGING,,
e1208640-2ee6-494c-a760-b48c6690c3a4,"rasanya lumayan enak tapi bumbunya terlalu sedikit jadinya kering bgt loteknya, kerupuknya ada yg alot, tingkatkan lagi yaa",4,2023-06-29T11:06:58.500866+07:00,,1,2023-06-29T03:25:22.175167Z,Lotek,,,
66364324-e07b-43b9-874c-2159aebbc7c8,sudah pesan extra bakwan tapi ndak dikasih,3,2022-05-25T16:44:32.36187+07:00,,1,2022-05-25T03:53:41.15235Z,Lotek,CANNED_RESPONSE_ORDER,,
ea61d069-ba84-4980-a4f4-0c6c4fab0e3d,"bu, jangan pake plastik mika tumpah semua saos kacangnya.",4,2020-08-07T11:29:04.177+07:00,,3,2020-08-07T03:03:02.489896Z,"Lotek, Telur, Bakwan",,,
42ee32bc-72af-4480-8c83-d8aaf0685f6e,"kerupuk melempem, porsi kecil",2,2019-10-07T14:10:00.969+07:00,,1,2019-10-07T02:26:26.54079Z,Lotek,CANNED_RESPONSE_FRESHNESS CANNED_RESPONSE_PORTION,,
11f09915-a6e2-4f74-bfec-a4b9e6118dd4,porsi tongseng untuk ukuran harga segutu sedikit banget,2,2020-07-23T10:47:38.714+07:00,,2,2020-07-22T07:59:48.822614Z,"Sate Klatak Kambing, Tongseng Mercon Kambing",CANNED_RESPONSE_PORTION,,
591df348-a9a2-4f58-8d97-8260ae91e8c6,pesan osen ati dikirim orak arik telur ,1,2022-06-04T01:37:21.466477+07:00,,3,2022-06-03T18:05:48.271259Z,"Nasi Oseng Ati, Nasi Ayam Rica, Mie Setan",,,
2fb653b0-a857-404e-b0c1-0cd0009a88e3,harganya diturunkan dong 😁,5,2020-09-23T22:05:00.628+07:00,,4,2020-09-20T08:48:54.160996Z,"Nasi Oseng Ayam, Nasi Orak Arik Telor, Mie Dok Dok, Nutrisari",CANNED_RESPONSE_FRESHNESS CANNED_RESPONSE_TASTE CANNED_RESPONSE_PORTION CANNED_RESPONSE_HYGIENE CANNED_RESPONSE_PACKAGING CANNED_RESPONSE_VALUE,,
24329f9f-67f6-447b-9f1c-48053bf8f38d,"maaff tapi kali ini aku beli rasa ayam rica nya tidak sedang seperti biasanya, agak kurang enak gitu rasa nya kurang balance. ",3,2023-11-15T14:45:03.330617+07:00,,3,2023-11-13T16:40:57.192692Z,"Nasi Ayam Rica, Nasi Oseng Ayam, Telor Dadar/Ceplok",,,
5fee1361-1d36-4eda-8423-8d7094eed6b5,"Pedes pol, aku dah noted ga pedes loh aa :’)",5,2023-11-17T20:14:15.435204+07:00,,1,2023-11-17T12:36:46.90807Z,Nasi Oseng Ayam,,,
88c1cade-204d-4040-b237-9bd3cc5633b4,Alhamdulillah Barakallah,5,2023-07-29T08:00:04.151033+07:00,,5,2023-06-11T03:29:59.458191Z,"Tempe Bacem, Sayur Oseng Kacang Panjang, Teh, Sayur Daun Pepaya, Capcay Sayur",,,
c0953e19-23eb-425d-b83b-45322c050a36,tahunya sebiji doang ,3,2022-11-13T12:58:02.674455+07:00,,4,2022-11-13T05:26:11.883263Z,"Ikan Tongkol, Tahu Balado, Sayur Oseng Cambah, Ikan Mangut Patin",,,
9b20cee2-1850-4ed0-b9eb-7fb3d6a37f00,Jum'at Barakallah,5,2022-07-29T10:07:06.617402+07:00,,4,2022-07-29T02:03:40.454443Z,"Tempe Bacem, Sayur Oseng Jipang / Labu Siam, Sayur Oseng Cambah, Teh",,,
56af7b01-3d05-435c-8884-4c91ce8500ec,Alhamdulillah Barakallah,5,2022-06-13T12:42:51.568182+07:00,,4,2022-06-13T02:36:00.122542Z,"Sayur Oseng Jipang / Labu Siam, Teh, Sayur Oseng Cambah, Tempe Bacem",,,
07774454-7c1d-4ef2-a42e-277aee12d154,"masakannya mantab mak nyus, tempat bersih, penjualnya cantik2 ramah2...",5,2019-11-18T12:42:55.588+07:00,,6,2019-11-18T05:11:15.514217Z,"Capcay Sayur, Sayur Oseng Buncis, Sayur Bothok Tempe & Teri, Tahu Bacem, Tempe Bacem, Teh",CANNED_RESPONSE_VALUE,,
0f09057b-339c-4639-bfc0-8ecda295966c,lumayan enak si tp estehnya pait,5,2023-11-14T10:26:34.245056+07:00,,2,2023-11-14T02:46:52.813317Z,"Paket Dos Nasi Gudeg Areh Ayam Kampung Paha Ceker Dan Kerupuk + Krecek, Es Teh Manis",,,
8191462b-dba9-4662-bcc1-c6eb154986ab,godeg telur ayam suwir ra ono telure,1,2023-06-29T08:58:54.681865+07:00,,1,2023-06-29T01:24:45.200544Z,Nasi Gudeg Areh Ayam Kampung Suwir + Telur,,,
c8216f9f-3392-4527-9b53-5a79028c5d4e,oseng mercon tidak ada .nasi malah di masih bubur,1,2023-02-12T09:45:35.026931+07:00,"{'id': '483fde7c-463c-4605-acae-7cdc4b188e7d', 'text': 'Pesanan berikutnya bisa di sampaikan ke drivernya ya kak, kalau ada kekurangan, pesanan sebelumnya, mohon maaf atas kesalahannya kami.\nTerimakasih', 'createdAt': '2023-02-28T06:57:32.585081104+07:00', 'author': {'fullName': 'Yustinus Aditiya Nugroho', 'isMerchant': True}}",2,2023-02-12T02:34:10.701421Z,"Bubur Putih, Nasi Gudeg Areh Paha Ceker",,"Pesanan berikutnya bisa di sampaikan ke drivernya ya kak, kalau ada kekurangan, pesanan sebelumnya, mohon maaf atas kesalahannya kami.
Terimakasih",2023-02-28T06:57:32.585081104+07:00
d3a4eaee-3914-469a-90a9-b9db6deb8cbc,"rasa oke, porsi oke tapi kemasan gak oke",4,2022-09-12T19:01:24.731438+07:00,,6,2022-09-11T00:35:05.332073Z,"Bubur Gudeg Telur Krecek Dan Areh, Nasi Ayam Goreng Kota + Kerupuk Udang, Telur, Rambak Kecil, Kerupuk Udang, Es jeruk Manis",,,
7d50ba59-21dd-4375-aa84-0faaac1ff95d,gudeg agak pahit dan sangit,3,2022-04-26T13:28:05.315595+07:00,,1,2022-04-22T05:34:08.015619Z,Nasi Gudeg Areh Ayam Kampung Suwir,,,
f84c150d-d88f-4f24-934e-2f33e2e8355e,terima kasih... sama-sama berkah ya,5,2021-10-31T11:54:08.076302+07:00,,4,2021-10-31T03:53:06.980132Z,"Nasi Gudeg Areh Ayam Kampung Suwir + Telur, Nasi Gudeg Areh Ayam Kampung suwir, Nasi Gudeg Areh Ayam Kampung Paha Ceker, Nasi Gudeg Areh Telur",CANNED_RESPONSE_FRESHNESS CANNED_RESPONSE_TASTE CANNED_RESPONSE_PORTION CANNED_RESPONSE_HYGIENE CANNED_RESPONSE_PACKAGING CANNED_RESPONSE_VALUE,,
02538ba7-a825-4844-9dd4-a5bcd6e0b44a,Gak dikasih pipet minumannya.,5,2021-02-17T14:49:23.245048+07:00,,2,2021-02-17T00:13:23.250335Z,"Bubur Telur Gudeg Areh, Susu Coklat",,,
8c83a21f-5695-4edb-89d6-7276d0737fc4,salah satu menu wajib jika saya dinas ke Jogja. sudah jadi comfort food,5,2023-11-12T19:09:49.927541+07:00,,1,2023-11-12T11:08:19.664775Z,"Nasi Gudeg Telur,Ayam Suwir Tahu+ Krecek",CANNED_RESPONSE_TASTE CANNED_RESPONSE_PORTION CANNED_RESPONSE_VALUE,,
55d20cd0-32c3-4d25-8553-4e589f1ff636,Sambal goreng krecek dan tempe nya kepedesan untuk ukuran gudeg,4,2023-06-10T07:36:06.348593+07:00,,1,2023-06-09T08:17:54.655867Z,"Nasi Gudeg Telur,Ayam Suwir Tahu+ Krecek",CANNED_RESPONSE_TASTE,,
4679ef60-0c59-4e45-9e0e-695a9c318cbc,"Karena rasa nya cocok,jadi pengen mmpir ke restonya,teh nya juga enak,gratis lagi👍",5,2023-02-21T11:58:14.630419+07:00,,1,2023-02-21T04:22:18.275421Z,Nasi Gudeg Paha Atas + Krecek + GRATIS Es teh,CANNED_RESPONSE_FRESHNESS CANNED_RESPONSE_TASTE CANNED_RESPONSE_PORTION CANNED_RESPONSE_HYGIENE CANNED_RESPONSE_PACKAGING CANNED_RESPONSE_VALUE CANNED_RESPONSE_CUTLERY,,
8cb16209-b38e-4736-b6c4-056eb4d3cc5b,"Ayamnya sebenernya lumayan, tetapi karena terlalu asin rada merusak rasa. Tahu juga terlalu asin. Apa karena dipanasin terus menerus? ",1,2022-12-19T16:39:41.313839+07:00,,1,2022-12-18T11:46:19.117431Z,"Gudeg Dada 1 , Sayap 1 , Telur 2  + Krecek",CANNED_RESPONSE_TASTE,,
11f9247b-ae01-4b85-943d-91361598c6c1,Terimakasih mantap ,5,2022-09-18T18:53:15.038869+07:00,,3,2022-09-17T04:44:46.09165Z,"Nasi Gudeg Telur Krecek, Es Teh, Es Jeruk",,,
8afe7d88-5d2c-4384-94d9-54d4405ca825,selalu JD menu sarapan favorit aq..,5,2022-06-28T17:38:22.233354+07:00,,1,2022-06-25T23:16:19.209174Z,Nasi Gudeg Telur Tahu +krecek,,,
03380279-c29a-4802-83da-1c912377f594,dengan harga yang sama di gudeg wijilan yg lain porsinya lebih banyak.....di tempat bu Is sangat sedikit....jadi ini berarti gudeg bu Is sangat mahal,2,2022-03-13T22:16:54.435261+07:00,,1,2022-03-13T12:46:26.737639Z,"Gudeg Dada 1 , Paha Bawah 1, Telur 3,tahu + Krecek",CANNED_RESPONSE_PORTION,,
4cd286f2-38f1-43be-b15b-094b4f59e41b,semoga tetap enak dan murah (terjangkau),5,2022-01-05T16:56:16.849759+07:00,,1,2022-01-04T05:09:24.610371Z,Nasi Gudeg Telur Krecek,CANNED_RESPONSE_FRESHNESS CANNED_RESPONSE_TASTE CANNED_RESPONSE_PORTION CANNED_RESPONSE_HYGIENE CANNED_RESPONSE_PACKAGING CANNED_RESPONSE_VALUE,,
bd079fcf-75a7-49cc-9bf6-48d0d6777ca3,"Rasa mantep, enak banget, manisnya pas banget. Pasti reorder kalo ke Jogja lagi.",5,2021-11-05T16:11:28.343316+07:00,,2,2021-10-29T23:49:16.957594Z,"Nasi Gudeg Telur Tahu +krecek, Gudeg Sayap + Krecek",CANNED_RESPONSE_FRESHNESS CANNED_RESPONSE_TASTE CANNED_RESPONSE_PORTION CANNED_RESPONSE_HYGIENE CANNED_RESPONSE_PACKAGING CANNED_RESPONSE_VALUE,,
95689377-43f6-4934-a150-7477ca90dd39,"rasanya mantul bgt, pedasnya trasa, porsinya banyak.. lanjutkan",5,2021-07-16T09:01:10.307609+07:00,"{'id': 'ea293a79-1601-4b3c-959e-4680489d9232', 'text': 'Terimakasih banyak pak', 'createdAt': '2021-07-23T06:39:02.076872928+07:00', 'author': {'fullName': 'Suparno', 'isMerchant': True}}",1,2021-07-16T01:23:42.518456Z,Nasi Gudeg Telur Krecek,CANNED_RESPONSE_FRESHNESS CANNED_RESPONSE_TASTE CANNED_RESPONSE_PORTION CANNED_RESPONSE_HYGIENE CANNED_RESPONSE_PACKAGING CANNED_RESPONSE_VALUE,Terimakasih banyak pak,2021-07-23T06:39:02.076872928+07:00
db511ea2-5047-4e4d-bd99-90036c040148,"order wedang uwuh tawar tanpa gula, tapi tetap manis",3,2023-10-21T02:19:41.427701+07:00,,2,2023-10-20T18:58:07.095813Z,"Nasi Gudeg Krecek Telor Suwir, Wedang Uwuh",CANNED_RESPONSE_ORDER,,
a9d92682-0fad-4aeb-9c63-79336ad8c032,pesanan kurang satu,1,2022-12-21T22:45:57.903504+07:00,,3,2022-12-21T15:09:05.507881Z,"Nasi Gudeg Krecek Sayap, Teh / Es Teh, Telor Bebek",,,
b42daa55-1601-41f6-9632-5bea50593c52,saya selalu suka gudeg nya pas sesuai selera dan selalu habis bahkan nambah makan sampai 2 porsi,5,2022-04-25T00:50:21.502564+07:00,,2,2022-04-24T17:14:59.127236Z,"Nasi Gudeg Krecek Sayap, Nasi Gudeg Krecek Telor",CANNED_RESPONSE_FRESHNESS CANNED_RESPONSE_HYGIENE CANNED_RESPONSE_VALUE CANNED_RESPONSE_TASTE CANNED_RESPONSE_PACKAGING CANNED_RESPONSE_PORTION,,
69ab8ecc-8977-4c7a-92f2-1572fea1ff47,"enak banget bunds xixixiixi, no 1",5,2023-11-17T14:42:34.431303+07:00,,1,2023-11-06T03:46:22.898678Z,Nasi Gudeg Krecek Telur + Ayam Suwir,CANNED_RESPONSE_VALUE CANNED_RESPONSE_CUTLERY CANNED_RESPONSE_PACKAGING CANNED_RESPONSE_HYGIENE CANNED_RESPONSE_PORTION CANNED_RESPONSE_TASTE CANNED_RESPONSE_FRESHNESS,,
b486d511-4fa6-4496-bcc0-580c40cdbb2b,kal bara g kog g ad y,4,2023-06-09T11:53:13.014972+07:00,,3,2023-06-09T03:03:10.577593Z,"Bakpiaku Isi 10 Rasa Keju, Bakpiaku Isi 10 Rasa Kacang Hijau, Bakpiaku Isi 20 Rasa Kacang Hijau",,,
fced3186-5f87-4d10-8687-fee14661575a,Bakpia Kejunya juara! Enak banget yang keju! Saran buat packing isi 5: pakein cara membuka kemasan supaya gak salah posisi tarik. Kan sedih kalo salah tarik kebuang semua isi kardusnya :(,5,2022-05-12T11:58:05.553397+07:00,,3,2022-05-09T09:05:47.584247Z,"Bakpiaku Isi 10 Rasa Kacang Hijau, Bakpiaku Isi 5 Rasa Coklat, Bakpiaku Isi 5 Rasa Keju",,,
4f79e570-d2e5-4b04-a3cb-c79f67401d52,dah minta yg exp nya lama krn mau kirim luar pulau tp ttp aja dpt yg 2 hari -_- ,1,2021-12-15T21:15:19.46784+07:00,,1,2021-12-15T13:31:16.586391Z,Bakpiaku Isi 10 Rasa Kacang Hijau,CANNED_RESPONSE_FRESHNESS,,
63c3c5b6-8b3d-4159-bb83-939377370ab7,"mantap, enak, amanah, dan recommended",5,2021-06-08T16:02:31.616095+07:00,,1,2021-06-08T08:45:07.987656Z,Bakpiaku Isi 10 Rasa Kacang Hijau,CANNED_RESPONSE_FRESHNESS CANNED_RESPONSE_TASTE CANNED_RESPONSE_PORTION CANNED_RESPONSE_HYGIENE CANNED_RESPONSE_PACKAGING CANNED_RESPONSE_VALUE CANNED_RESPONSE_PICKUP_EXP,,
eb4cd256-5f1b-46af-a33d-ec65b0eb77e8,yg w psan ga sesuai,1,2022-02-13T19:51:21.405302+07:00,,5,2022-02-12T13:00:03.699642Z,"Duo Sujah Coklat, Nasi Ayam Balado, Ayam Paha Utuh, Jamur Crispi, Nasi Oseng Jamur",,,
36262eca-8b12-4e45-bbba-f7f6e86ed941,Jadi langganan terus jadi biasa aja merconnya? Wkwkwkwk ngimpi!! Pedesnya masih nampol njjr 😅,5,2023-11-04T17:02:45.330856+07:00,"{'id': 'ee09cf21-fbdb-429b-b127-d9c7bad5defb', 'text': 'Makasih kak, udah menjadi pelanggan setia ""Gudeg Mercon Bu Murni"" 🥰🙏🙏', 'createdAt': '2023-11-05T22:21:24.893445987+07:00', 'author': {'fullName': 'Anang Abdurrahman', 'isMerchant': True}}",2,2023-11-04T08:39:47.037446Z,"Nasi Gudeg Krecek Mercon Ayam Suwir, Nasi Gudeg Krecek Mercon Telur+Tahu",CANNED_RESPONSE_FRESHNESS CANNED_RESPONSE_TASTE CANNED_RESPONSE_PORTION CANNED_RESPONSE_HYGIENE CANNED_RESPONSE_PACKAGING CANNED_RESPONSE_VALUE,"Makasih kak, udah menjadi pelanggan setia ""Gudeg Mercon Bu Murni"" 🥰🙏🙏",2023-11-05T22:21:24.893445987+07:00
45a42919-7a46-4f06-8c0d-4a440caec40c,"enakkk bangetsss, ga nyesel dari jakarta jauh"" pesen gudekk ",5,2023-05-23T15:24:18.933129+07:00,"{'id': 'ea9835d3-7bf0-4b65-b702-3b7e72367346', 'text': 'Makasih kak,jangan lupa besuk kalau kejogja lgy beli gudeg mercon bu murni 🙏🙏', 'createdAt': '2023-05-31T02:51:55.280574351+07:00', 'author': {'fullName': 'RIKA', 'isMerchant': True}}",1,2023-05-18T15:21:49.24794Z,Nasi Gudeg Krecek Mercon Kepala,CANNED_RESPONSE_TASTE CANNED_RESPONSE_PORTION CANNED_RESPONSE_HYGIENE CANNED_RESPONSE_PACKAGING CANNED_RESPONSE_VALUE CANNED_RESPONSE_CUTLERY CANNED_RESPONSE_FRESHNESS,"Makasih kak,jangan lupa besuk kalau kejogja lgy beli gudeg mercon bu murni 🙏🙏",2023-05-31T02:51:55.280574351+07:00
81195dea-e5ed-4e41-bdc0-9fecc3b71674,"Joooss
gudeg ny pas 👍 manis dikit
pedes ny,  jangan tanya, koyo dikampleng
kalo bisa jangan gudeg aja,  ada masakan laen
trims bu murniiiii",5,2023-02-15T18:25:00.169721+07:00,,2,2023-02-15T10:43:06.159962Z,"Nasi Gudeg Krecek Mercon Paha+Telur+Tahu, Nasi Gudeg Krecek Mercon Kepala+Telur+Tahu",CANNED_RESPONSE_TASTE CANNED_RESPONSE_PORTION CANNED_RESPONSE_HYGIENE CANNED_RESPONSE_PACKAGING CANNED_RESPONSE_VALUE,,
f1da2477-22a9-431b-bf76-b45cb91bac03,krecek mercon nya bener bener pedes! mantap asliii,5,2022-10-17T08:19:33.392344+07:00,,2,2022-10-16T23:58:31.406201Z,"Nasi Gudeg Krecek Mercon Telur+Tahu, Nasi Gudeg Krecek Mercon Paha",CANNED_RESPONSE_TASTE,,
d5774bb5-498a-489d-9f5c-6a856b4cb430,akhirnya nyoba gudeg di jogja dan ga salah pilih ternyata enakkkk😩❤️,5,2022-05-10T19:01:52.946549+07:00,,1,2022-05-05T14:16:53.829938Z,Nasi Gudeg Krecek Mercon Telur+Ayam Suwir,CANNED_RESPONSE_FRESHNESS CANNED_RESPONSE_TASTE CANNED_RESPONSE_PORTION CANNED_RESPONSE_HYGIENE CANNED_RESPONSE_PACKAGING CANNED_RESPONSE_VALUE,,
240aa436-def2-4d46-a125-144dbae9f3f8,saya bilang jgn pake sayur yg ijo yg kerass... malah yg di kasih sayur ijo semua hadehhhhh ga baca apagimana,1,2023-11-05T11:53:05.745468+07:00,,3,2023-11-05T03:25:55.866478Z,"Lotek, Bakwan Sayur, Es Teh Manis",,,
ae2916b2-a02e-444b-bd3b-46fee67e61bf,portion dine-in dan take-away berbeda… prefer dine-in😏,4,2023-03-08T11:03:01.009255+07:00,,2,2023-03-08T03:16:23.034659Z,"Lotek + Bakwan + Telur Rebus/dadar/ceplok, Tempe Mendoan",CANNED_RESPONSE_PORTION CANNED_RESPONSE_PRICE,,
33f600f5-13fb-4dde-8d8e-663864f2ef37,"pesan tanpa ketupat dpt nya lotek banyak ketupat sayuran nya sedikit sekali, bumbu tahu guling nya lebih suka kacang nya yg ditumbuk dr pd dikasih kacang gr utuh membuat bumbu tahu guling jd clear kurang mantab. ",3,2021-10-31T14:01:30.841515+07:00,,2,2021-10-31T05:38:27.227968Z,"Kupat Tahu, Lotek",CANNED_RESPONSE_TASTE CANNED_RESPONSE_VALUE CANNED_RESPONSE_ORDER,,
e01b0b7e-c007-4e27-9acb-563b5c25c164,Pesen lotek+bakwan..pas dateng bakwannya ga ada,4,2021-07-17T13:26:28.01834+07:00,,1,2021-07-17T05:43:24.00183Z,Lotek + Bakwan,,,
e27f4fd9-cd8c-4aac-a7ad-11f7d0801f7d,"diminta ga pedas malah dikasih pedas, ga pake ketupat malah dikasih ketupat wong iso ambyarrr bu",3,2021-01-01T16:15:59.625+07:00,,1,2021-01-01T04:43:46.032242Z,Lotek + Bakwan,,,
9a37c726-92e6-433a-a1a4-42a871fffea3,rasa dan bumbunya kerennn habis.. Bu Ning.Top,5,2020-01-08T10:45:23.91+07:00,,1,2020-01-08T03:15:45.663754Z,Lotek + Telur Rebus / Dadar / Ceplok,CANNED_RESPONSE_FRESHNESS CANNED_RESPONSE_TASTE CANNED_RESPONSE_PORTION CANNED_RESPONSE_HYGIENE CANNED_RESPONSE_PACKAGING CANNED_RESPONSE_VALUE,,
91b26033-9e25-4c53-8035-84eefaf2b1b6,lebih diperhatikan catatannya ya,4,2023-11-03T13:28:34.524402+07:00,,2,2023-11-03T05:41:44.97924Z,"Bakso Mercon, Bakso Bom",,,
0780aad9-b0ab-46f5-8b8b-485e06263eb1,kuah nya hambar ,3,2022-11-16T14:40:22.626767+07:00,,1,2022-11-16T07:09:41.575274Z,Bakso Mercon,CANNED_RESPONSE_TASTE,,
f4494ee9-f3c7-4f58-ae7e-a09d08e83c63,Rasanya enak tapi porsinya dikit banget,4,2023-11-19T13:45:35.198909+07:00,,1,2023-11-19T05:52:26.208929Z,Lotek + Telur Rebus,CANNED_RESPONSE_VALUE CANNED_RESPONSE_PORTION,,
85300c95-e385-4cf6-91f0-4d2ee4b2ee8b,"gado"" nya kentangnya rasanya dah kecut..udh busuk...gk enak blasss",2,2023-04-28T20:06:51.032034+07:00,,3,2023-04-28T07:20:32.064628Z,"Gado - Gado, Lotek Dobel Bakwan, Jeruk ( Es / Panas )",CANNED_RESPONSE_FRESHNESS,,
bf9735d9-5f63-4dc1-b469-a2c3c438ff54,rasa jusnya kurang pas dan packaging nya,3,2022-11-21T15:33:43.105812+07:00,,3,2022-11-21T03:18:07.464594Z,"Lotek + Free Le Minerale 600ml, Krupuk Lotek, Jus Sirsak",,,
8c676e0b-9d5c-4486-9610-a0b1d8609449,mantebb bgttt porsinya buanyakk. Dan alhamdulilah dapet promo xixixi 😆😆😆,5,2022-06-22T09:22:14.294271+07:00,,3,2022-06-22T02:00:35.367476Z,"Lotek, Krupuk Lotek, Gado - Gado",CANNED_RESPONSE_FRESHNESS CANNED_RESPONSE_HYGIENE CANNED_RESPONSE_TASTE CANNED_RESPONSE_VALUE CANNED_RESPONSE_PACKAGING CANNED_RESPONSE_PORTION,,
933eaf1a-2c01-4ec3-a388-0b2decd226f6,bakwan 2 pcs nya mana yaaa… kok ga ada ,2,2022-01-23T12:41:58.277321+07:00,,2,2022-01-23T04:59:18.557672Z,"Lotek, Bakwan",CANNED_RESPONSE_ORDER,,
1a625d05-728d-4961-b2be-cc7099e8bbe1,"tipu2, 3 kali pesan lotek + telor. selalu tdk dikasih telor. Awalnya kami kira keluapaan. tp ternyata selalu tipu2 begitu.",1,2021-10-03T11:48:33.628856+07:00,,2,2021-10-03T03:43:16.567627Z,"Lotek + Telur Rebus, Jus Sirsak",,,
83a490bf-3546-4a15-9a8b-8d7b9f40c4e9,"Rasanya enak tp porsinya dikit banget, buat cewek aja kurang apalagi cowok",3,2021-05-28T13:04:22.435345+07:00,,1,2021-05-28T04:45:18.140634Z,Lotek,CANNED_RESPONSE_TASTE CANNED_RESPONSE_PORTION,,
7d53c326-9829-43be-829f-3c4cbf154b76,porsiny makin sedikit,2,2020-01-20T17:53:23.131+07:00,,1,2020-01-20T03:36:55.354176Z,Lotek,CANNED_RESPONSE_PORTION,,
f8dc8e7e-47de-4edb-83b0-624ff136efa4,loteknya enak sih 😃😋,5,2019-08-13T14:01:20.503098+07:00,,1,2019-08-13T06:29:32.463703Z,Lotek,CANNED_RESPONSE_FRESHNESS CANNED_RESPONSE_TASTE CANNED_RESPONSE_PORTION CANNED_RESPONSE_HYGIENE CANNED_RESPONSE_PACKAGING CANNED_RESPONSE_VALUE,,
b35ac3da-9e57-403d-9727-0be81327dc2d,lontong opornya basi bu maaf,1,2023-02-25T07:53:27.089862+07:00,,4,2023-02-24T23:41:31.575243Z,"Nasi Kuning, Lontong Opor, Semur Soon, Sambal Goreng Kentang Krecek",,,
96b1b819-b936-4edd-a917-849d5e95184a,"selalu enak, terima kasih masakannya... ",5,2023-11-21T13:01:52.552253+07:00,,7,2023-11-21T04:43:24.139849Z,"Garang Asem Ayam, Sayur Lodeh labu /Jipang +Tahu, Oseng Gembus Kemangi, Sayur Asem, Pete Lalap, Udang Asam Manis, Mendoan",,,
e7288f08-9c9f-4326-84e8-be14376d1382,"Oseng jipangnya garing, ga ada rasanya. Sebaiknya dikasih kuah sedikit supaya terasa bumbunya.",4,2023-05-04T14:56:37.156914+07:00,,6,2023-05-03T05:23:10.424487Z,"Nasi Rames Buto Terong, Sayur Lodeh Jipang+Tahu, Oseng So On, Garang Asem Ayam, Perkedel Kentang, Paha Ayam Goreng Kremes",,,
49fa4bb1-9a01-4510-98af-5878d3920b64,"kurang rasa, cuma enak mie soon nya",2,2022-12-13T09:01:51.334122+07:00,,4,2022-12-13T01:17:58.488791Z,"Paket Sarapan Werkudhoro, Oseng So On, Paha Bawah Ayam Bacem, Nasi Putih",,,
ef219235-bc4e-468c-9dda-71ba9b6dce23,Terinyaaa kurang banyaaak kl dibanyakin bakal langganan dan q bintang full hehe,4,2021-07-30T11:47:16.781187+07:00,,5,2021-07-29T23:20:23.698609Z,"Nasi Rames Negoro Ngalengko, Nasi Rames Ayam Buto Ijo, Nasi Rames Cantrik, Oseng Jipang / Labu Siam, Oseng Jamur Tiram",,,
9a26ffb1-5877-4ef9-b05c-d2a9e5e59999,enakkk bersih suka sekali. terimakasih 😄,5,2023-11-21T08:38:44.867839+07:00,,6,2023-11-21T00:51:13.459091Z,"Bubur Kacang+ Ketan, Nasi Telor Asin, Telur Dadar, Nasi Putih, Nasi Ati Ampla Balado, Nasi Mangut Lele",CANNED_RESPONSE_TASTE CANNED_RESPONSE_HYGIENE CANNED_RESPONSE_FRESHNESS CANNED_RESPONSE_PORTION CANNED_RESPONSE_PACKAGING CANNED_RESPONSE_VALUE CANNED_RESPONSE_CUTLERY,,
09a02aca-8fbb-4645-9d84-6345ead63f98,besok besok kasih sendok ya buk,5,2022-12-08T11:33:48.425754+07:00,,3,2022-12-08T03:51:25.150306Z,"Gado Gado Dan Teh(Panas,Es), Paket Geprek Dan Es Teh, Lotek Kupat(Es Teh/Panas)",,,
8e439112-851a-41b9-9af2-bf92e9af164f,"enak rasa bumbunya pas, porsi oke, pesen masih pagi jadi fresh... ",5,2022-09-23T12:47:00.230437+07:00,,1,2022-09-23T01:33:20.323935Z,Lotek Kupat(Es Teh/Panas),CANNED_RESPONSE_PORTION CANNED_RESPONSE_PACKAGING CANNED_RESPONSE_TASTE CANNED_RESPONSE_FRESHNESS CANNED_RESPONSE_HYGIENE,,
b18154a5-b638-4953-a1c3-f8b2fb5a37eb,"Pesan lotek, sup ayu dan puyung hai.
Yang datang cuma lotek. Sup ayu dan puyunghai tidak ada. Sangat mengecewakan. Lain kali agar lebih teliti karena ketidaktelitian seller merugikan pembeli.",2,2023-10-09T09:27:22.32387+07:00,,3,2023-10-08T04:04:28.065378Z,"Lotek Kupat, Sop Ayu, Fuyunghai",,,
5658eb82-bd94-4cff-8805-1fd1413c43d1,"enakkkk banget, Porsi banyak",5,2022-12-05T18:57:37.604545+07:00,,1,2022-11-27T05:36:03.55227Z,Lotek Telur,CANNED_RESPONSE_FRESHNESS CANNED_RESPONSE_TASTE CANNED_RESPONSE_PORTION CANNED_RESPONSE_PACKAGING CANNED_RESPONSE_HYGIENE CANNED_RESPONSE_VALUE CANNED_RESPONSE_CUTLERY,,
2057e0d9-b12f-4ef6-a496-6c9746cfc587,"confirm order, tapi pas di buat kupat nya abis, masa super resto kaya gini pelayanan nya payah",1,2021-03-27T16:52:22.935538+07:00,,2,2021-03-27T08:05:32.496491Z,"Lotek Kupat, Gado - Gado Kupat",CANNED_RESPONSE_PRICE CANNED_RESPONSE_VALUE,,
d526ac23-6546-4ba0-9d8f-aabb4146a6fa,gak ada sendoknya,5,2019-12-11T13:06:36.924+07:00,,4,2019-12-11T05:16:01.167466Z,"Gado - Gado Kupat, Kupat Tahu, Lotek Kupat, Teh Manis ( Hangat / Es )",,,
a95163fd-9019-4bd6-8982-a008a26fcc16,"untuk harga segini rasanya ga worth it dgn porsi yg di dapet, nasi terlalu dikit cumi jg dikit
packing ganti jgn pake rice box gini isinya dikit bgt kemahalan
ga ada rasa asin juga, cumi alot kelamaan di masaknya
tahu mercon jg ga ada pedes sama sekali, ga panas, ga ada rasa, terlalu berminyak",3,2023-11-13T15:57:48.311231+07:00,,2,2023-11-13T07:43:43.245022Z,"Sego Sambel Cumi, Seporsi Tahu Isi Mercon (Isi 3)",CANNED_RESPONSE_PORTION CANNED_RESPONSE_TASTE CANNED_RESPONSE_PACKAGING CANNED_RESPONSE_PRICE,,
074d3424-5922-43f8-b596-1fb97ff5fd8c,Semuanya enak cumn untuk es nya tolong di periksa ulang soalnya udh pesen extra es batu tapi pas dateng gak ada es batunya sama sekali ,5,2023-03-13T15:47:32.964931+07:00,,6,2023-03-13T08:14:03.804396Z,"Nasi Ayam Geprek + Es Teh, Tahu Isi, Terong Sambalado, Oseng Usus 1 Porsi, Milo, Sayur 1porsi+ Ayam Penyet (Tanpa Nasi)",,,
659b1df8-9718-40ac-a23f-8680e6b7291f,"porsi sayur tidak sesuai dengan bumbu nya, daun jeruk dan kencur tidak terasa",2,2023-10-27T13:24:54.067553+07:00,,2,2023-10-27T05:48:06.303163Z,"Lotek Komplit, Lotek Kupat",CANNED_RESPONSE_TASTE,,
85cec0d2-f7c1-433a-a6b8-a413dfb2dbdd,Agak kecewa soalnya yang baso pedes itu bukan isi cabe ulek tapi bubuk :((,4,2023-04-05T20:31:55.932435+07:00,,2,2023-04-05T12:56:20.11411Z,"Bakso Mercon, Bakso Urat",,,
cb543c7b-96de-4f2c-b091-ee1685f74f7a,bakso mercon asin bgt.....dan cm kebayakan  tepung....bakso biasanya juga asin kebykan  tepungnya juga.,1,2022-01-27T20:17:12.97882+07:00,,2,2022-01-27T12:40:48.799668Z,"Bakso Mercon, Bakso Biasa",CANNED_RESPONSE_TASTE,,
ddb7851f-0096-4b0f-898f-77e006ef80fb,"sedikit kurang asin,tapi gak papa daripada keasinan.",4,2021-07-26T11:26:18.032652+07:00,,2,2021-07-26T03:50:06.62384Z,"Bakso Mercon, Bakso Beranak",CANNED_RESPONSE_TASTE,,
2a4c3942-5a68-4446-804d-d7a1736764d5,porsi nasi kurang. kalau tadi masih di harga 3000 an,3,2021-12-31T10:18:16.83667+07:00,,3,2021-12-31T02:06:58.920187Z,"Nasi Putih, Sayur Oseng Daun Pepaya, Pindang Bumbu Pedas",CANNED_RESPONSE_TASTE CANNED_RESPONSE_PORTION,,
bc9313b3-af61-46cb-8ca5-12713bd9993d,"langganan, murmer dan enak. seeing beli ayam ungkep buat stok di rumah ",5,2021-08-20T12:20:42.805562+07:00,,6,2021-08-20T04:27:27.782332Z,"Ayam Ungkep Sayap Isi 5, Ayam Ungkep Paha Isi 5, Sayur Oseng Pare, Oseng Pepaya Muda, Lele Mangut, Tempe Mendoan",,,
1692de5e-f1dd-4400-ac79-b4de821ae672,EnakEnakEnakEnakEnakEnakEnakEnak,5,2020-11-26T13:44:43.13+07:00,,9,2020-11-26T02:58:00.673008Z,"Bakwan Jagung, Bakmie Goreng, Sayur Lodeh, Sayur Sop, Gudeg Tewel Cowel, Kripik Singkong, Pithik Kriuk Double, Sayur Oseng Tempe, Nasi Geprek Paha",,,
5176b551-0ac0-422a-ab0c-c427fedd31c8,"mantab asoy,........",5,2023-11-23T20:00:49.495453+07:00,,3,2023-11-15T06:28:24.583503Z,"Nasi Gudeg Krecek Telur, Nasi Gudeg Krecek Tahu, Nasi Gudeg Krecek Telur + Tahu",,,
3960413b-fe61-437c-832c-0d7e54d9eb8f,sarapan pagi yg mantap,5,2023-03-02T06:29:20.091567+07:00,,1,2023-03-01T22:24:43.298862Z,Nasi Gudeg Krecek Sayap + Telur,,,
ae315562-5873-4bff-be9a-1ad6ae10136e,nasinya dikasih yg keras huhu sedih kaya nasi kering pinggiran magicom,4,2022-06-17T15:59:28.023119+07:00,,1,2022-05-09T14:25:48.19041Z,Nasi Gudeg Krecek Tahu,CANNED_RESPONSE_TASTE,,
e84c5751-0986-4a1b-b8e6-8d10c142c9e6,"gudegnya enakkk, pakai telur bebek, porsinya mantab. terima kasih",5,2022-01-18T18:40:06.556171+07:00,,3,2022-01-17T07:59:43.67492Z,"Nasi Gudeg Krecek Telur, Nasi Gudeg Krecek Tahu, Oseng Mercon",CANNED_RESPONSE_FRESHNESS CANNED_RESPONSE_TASTE CANNED_RESPONSE_PORTION CANNED_RESPONSE_PACKAGING CANNED_RESPONSE_VALUE CANNED_RESPONSE_HYGIENE,,
a9ed434f-2283-4465-9aad-d058f3b428c0,harga bersahabat rasa mantab👍,5,2021-05-04T22:29:06.133634+07:00,,1,2021-05-04T15:05:22.244311Z,Nasi Gudeg Krecek Telur,CANNED_RESPONSE_FRESHNESS CANNED_RESPONSE_TASTE CANNED_RESPONSE_PORTION CANNED_RESPONSE_HYGIENE CANNED_RESPONSE_PACKAGING CANNED_RESPONSE_VALUE,,
aa371c6a-7374-4389-9ff1-aaee89b349bb,"untuk tahu kurang enak,tp kalau untuk yg lain mak nyussss!",5,2019-10-02T08:02:18.35+07:00,,2,2019-10-02T00:26:58.942426Z,"Nasi Gudeg Krecek Suwir + Telur, Nasi Gudeg Krecek Tahu",,,
8d58bbb8-dff8-47d7-a037-377f63e0b646,sayurnya dikit..,3,2023-11-14T12:27:00.049866+07:00,,2,2023-11-14T04:47:37.54586Z,"Lotek Telur, Lotek Telur",CANNED_RESPONSE_PORTION,,
b4b8e64c-fde5-4b15-978b-c267287cb6be,"enak poll, tapi padet bgt bumbunyaa",5,2023-05-05T00:28:49.861551+07:00,,2,2023-05-02T05:07:28.00013Z,"Lotek Double Bakwan, Lotek",,,
a4b3e0f2-bc19-4b43-934f-057aa640ff72,"porsi cukup
rasa lotek juga enak mantab",3,2022-09-05T09:19:37.901403+07:00,,1,2022-09-05T01:47:51.550381Z,Lotek Dobel Bakwan,,,
dfd43fa6-2c1d-49f8-93d9-cbd54b57a6c3,enak banget bumbunya. ,5,2022-06-15T10:09:34.094216+07:00,,2,2022-06-14T05:34:09.13202Z,"Gado Gado, Lotek",,,
2689f5a3-6bde-4122-96f0-3692fbd3fc4c,banyak banget porsinya,5,2022-01-23T09:23:42.613359+07:00,,1,2022-01-22T03:16:01.85476Z,Lotek Telur,CANNED_RESPONSE_FRESHNESS CANNED_RESPONSE_TASTE CANNED_RESPONSE_PACKAGING CANNED_RESPONSE_PORTION,,
a88ed93e-ebf7-4a18-94fc-eb1248d7898f,saya tadi pesan lotek.telur tapi telurnya tidak ada,1,2020-11-12T15:50:25.537+07:00,,1,2020-11-12T05:00:40.65399Z,Lotek Telur,,,
9cf78b4a-2951-4d1a-9eb5-8ec7214ae238,cocol kr bumbune,5,2020-01-08T17:33:14.848+07:00,,2,2020-01-08T04:54:54.931262Z,"Lotek, Tahu Guling",,,
52a3c60b-22a4-4b46-b534-7ed4d5dae8e7,Enak. Sesuai catatan.,5,2023-08-06T08:23:42.376376+07:00,,2,2023-08-05T22:50:24.575558Z,"Gudeg 5 (Nasi Gudeg Krecek Ayam) + Box/Dus, Gudeg 1(Nasi Gudeg Krecek Telur) + Box/Dus",CANNED_RESPONSE_FRESHNESS CANNED_RESPONSE_PORTION CANNED_RESPONSE_HYGIENE CANNED_RESPONSE_VALUE CANNED_RESPONSE_PACKAGING CANNED_RESPONSE_CUTLERY,,
0249fd3f-5cce-4b5e-ad2c-a9f26c80587a,Awsome package and taste Ok,5,2023-03-14T10:32:12.335609+07:00,,2,2023-03-14T03:00:33.474781Z,"Gudeg 5 (Nasi Gudeg Krecek Ayam) + Box/Dus, Gudeg 2 (Nasi Gudek Krecek Kikil) + Box/Dus",CANNED_RESPONSE_FRESHNESS CANNED_RESPONSE_TASTE CANNED_RESPONSE_PORTION CANNED_RESPONSE_HYGIENE CANNED_RESPONSE_PACKAGING CANNED_RESPONSE_VALUE CANNED_RESPONSE_CUTLERY,,
e191cd5b-f7a9-44ad-ba46-07e3f530f649,"Sbetulnya mantep sih gudeg n lauk pauknya. Dikasih kerdus pula.. Cuma rasa n bumbunya kurang legit, brasa agak ngambang. Mgkn perlu dimodif dikit bumbunya",4,2022-12-26T18:54:57.288414+07:00,,2,2022-12-18T05:44:31.070939Z,"Gudeg 1 (Nasi Gudeg Krecek Telur), Paket C (2 Ayam + 2 Telur)",,,
e32d7725-bcf0-4611-a493-9fe503c77ae1,"rasanya pas banget sama selera akuu. gudegnya gak terlalu manis, telurnya jugaa. terus porsinya juga pas buatku, gak banyak banget yang sampai gak habis gituu nasinya. kemasan juga rapiii. the best deh pokoknya. pertahankan yaa!",5,2022-08-04T10:47:08.694125+07:00,"{'id': 'fbd12e0a-3437-4985-91df-b27a25e7d684', 'text': 'Terima kasih sekali kak atas ulasan positif yang diberikan kepada kami.', 'createdAt': '2022-08-07T07:21:08.479732505+07:00', 'author': {'fullName': 'Ayunia Maulida', 'isMerchant': True}}",3,2022-08-04T02:34:52.734872Z,"Bubur 1 (Bubur Krecek Telur), Oseng Usus, Gudeg 6 (Nasi Gudeg Krecek Ayam Dan Kikil)",CANNED_RESPONSE_FRESHNESS CANNED_RESPONSE_TASTE CANNED_RESPONSE_HYGIENE CANNED_RESPONSE_PACKAGING CANNED_RESPONSE_VALUE CANNED_RESPONSE_PORTION,Terima kasih sekali kak atas ulasan positif yang diberikan kepada kami.,2022-08-07T07:21:08.479732505+07:00
f3159ebe-fbbc-4051-ad92-1643c0d9b8f4,Sudah langganan…..Maknyusssss,5,2022-08-20T17:06:53.357465+07:00,,3,2022-08-20T09:23:43.419916Z,"Ayam Goreng Utuh, Gudangan, Oseng Tempe Lombok Ijo",CANNED_RESPONSE_FRESHNESS CANNED_RESPONSE_TASTE CANNED_RESPONSE_PORTION CANNED_RESPONSE_HYGIENE CANNED_RESPONSE_PACKAGING CANNED_RESPONSE_VALUE CANNED_RESPONSE_CUTLERY,,
574b34c8-ac5e-4aa9-ae3a-726adc3ba1ef,"enak,sayur melimpah",5,2023-11-20T11:16:33.1867+07:00,,3,2023-11-20T02:51:55.28523Z,"Lotek + Telur Goreng, Tahu Goreng, Tempe Goreng",,,
16c5095f-7467-455b-abe6-bf1e05cf4cf0,"Mohon maaf sebelumnya.. bumbu loteknya sangat sedikit jadi loteknya kering banget, baru ini nemu lotek kayak gini 😔 saran, bumbu loteknya ditambahin lagi biar gak kering banget soalnya ini bener"" kering 🙏🏻 ",3,2022-01-08T11:06:47.324046+07:00,,3,2022-01-08T03:39:20.707108Z,"Lotek Dobel Bakwan, Bakwan, Jus Jambu",CANNED_RESPONSE_VALUE CANNED_RESPONSE_ORDER,,
c8f14ca0-819b-49e6-b929-4213c420a221,"Enak murah , lauknya banyak",5,2023-07-31T19:12:53.967471+07:00,,4,2023-07-31T04:40:20.016616Z,"Nasi SMA Komplit Mercon, Kerupuk Enak, Abon Ayam Super, Tahu Balado Pedas , Tofu Spicy Balado",CANNED_RESPONSE_FRESHNESS CANNED_RESPONSE_TASTE CANNED_RESPONSE_PORTION CANNED_RESPONSE_PACKAGING CANNED_RESPONSE_VALUE,,
7dccbf94-3fcb-476b-ad09-11294c26f292,enakkk bangettt,5,2022-11-16T21:25:52.186289+07:00,,2,2022-11-16T04:43:48.597631Z,"Sego Sd-1 Bakso Mercon, Sego Smp-1 Cumi Asin Mercon",CANNED_RESPONSE_FRESHNESS CANNED_RESPONSE_TASTE CANNED_RESPONSE_PORTION CANNED_RESPONSE_HYGIENE CANNED_RESPONSE_PACKAGING CANNED_RESPONSE_VALUE CANNED_RESPONSE_CUTLERY,,
fda87cda-eba4-4592-906c-e5268383e244,"enak banget! porsinya banyak, lauknya ngenyangin banget!",5,2021-09-13T16:30:06.743541+07:00,,4,2021-09-10T08:30:23.068232Z,"Nasi SMA Komplit Mercon, Sego Pelajar Tok, Sego Sd-1 Bakso Mercon, Nasi Telur Sosis Tdk Pedas",CANNED_RESPONSE_FRESHNESS CANNED_RESPONSE_TASTE CANNED_RESPONSE_PORTION CANNED_RESPONSE_HYGIENE CANNED_RESPONSE_PACKAGING CANNED_RESPONSE_VALUE,,
a8885cf7-0eb8-4672-89c0-9f72b3067da4,Joss banget rasanya,5,2020-10-11T18:49:07.248+07:00,,3,2020-10-09T05:46:28.722472Z,"Nasi SMA Komplit Mercon, Nasi SD 2 Ayam Suwir Mercon, Sego Sd-1 Bakso Mercon",CANNED_RESPONSE_FRESHNESS CANNED_RESPONSE_TASTE CANNED_RESPONSE_PORTION CANNED_RESPONSE_HYGIENE CANNED_RESPONSE_PACKAGING CANNED_RESPONSE_VALUE,,
c204d43d-7ac2-4cab-a94b-d745550b17a0,sayang nais kucingnya kalau dilewatkan.... rasanya nyussss ,5,2021-10-12T18:55:18.307248+07:00,,6,2021-10-12T10:31:36.195615Z,"Cumi Item, Balado Paru, Tongkol Pampis, Rendang Sapi, Oseng Tempe Telur Kriuk, Teri Sambel Ijo Telor Kriuk",CANNED_RESPONSE_FRESHNESS CANNED_RESPONSE_TASTE CANNED_RESPONSE_PORTION CANNED_RESPONSE_HYGIENE CANNED_RESPONSE_PACKAGING CANNED_RESPONSE_VALUE,,
aed34570-c929-4fea-b025-1ca1e330d924,"Loteknya enaaakkk, sesuai selera lidah.
Nexr mau pesen lagi deh 👍👍👍👍👍",5,2023-09-30T17:57:45.805129+07:00,,3,2023-09-30T10:12:51.694244Z,"Lotek Double Bakwan, Telur Rebus / Dadar / Ceplok, Bakwan",,,
46b90231-d0e3-4735-9023-d979c2657157,Ga ngecewain sih emg. Next time makan di tempat sih. Marur nuwun🤤,5,2022-11-03T09:33:58.26376+07:00,,4,2022-11-03T02:02:56.951162Z,"Gado- Gado, Lotek Telur, Karedok, Bakwan",CANNED_RESPONSE_FRESHNESS CANNED_RESPONSE_TASTE CANNED_RESPONSE_PORTION CANNED_RESPONSE_VALUE,,
0f59aded-8ee9-47ad-a403-c50a76c9162c,kemasan dibuat lbh menarik,4,2022-01-28T19:17:39.85807+07:00,,4,2022-01-28T11:37:12.90214Z,"Karedok, Lotek Nasi, Nasi Goreng, Es Jeruk",CANNED_RESPONSE_PACKAGING CANNED_RESPONSE_PRICE,,
901d0a4e-74e4-4f75-a566-9e269907fabc,"joss,pertahankan rasa nya",5,2019-10-31T13:45:25.253+07:00,,1,2019-10-31T06:04:48.359322Z,Lotek Double Bakwan,CANNED_RESPONSE_FRESHNESS CANNED_RESPONSE_VALUE,,
148067e8-abf1-4d61-ad51-f8995cfd5d3a,ayamnya sptnya agak kecil tdk spt biasanya ,3,2021-07-10T11:44:30.19056+07:00,,4,2021-07-10T03:52:02.74788Z,"Sambal Ayam Matang, Oseng-Oseng Daun Pepaya, Ayam Goreng Utuh, Oseng-Oseng Cakar",CANNED_RESPONSE_PORTION,,
7139ffe8-e2b2-4203-83c8-119bc15704bf,"saya order 2 porsi yg lotek + telur tp kok telurnya gaada? selisih 5k x 2, rugi 10k gua kocak bener. terus req cabe 3 dikasihnya cuma cabe 2. MAKASI",1,2023-05-05T13:24:53.947228+07:00,,1,2023-05-05T05:29:27.837234Z,lotek+telur,,,
4716ed72-c303-4845-b366-4c7a86bf78a3,rasa mantappp...harga little bit overpriced ,4,2022-06-21T09:15:19.135058+07:00,,1,2022-06-20T04:56:49.531417Z,Lotek,CANNED_RESPONSE_FRESHNESS CANNED_RESPONSE_TASTE CANNED_RESPONSE_HYGIENE,,
ef3c335b-00b4-4a13-afd8-445420333d11,bumbu kacang nya kurang nendang,4,2020-09-30T11:28:42.205+07:00,,1,2020-09-28T04:21:34.378918Z,Lotek,,,
a736a09f-ed2b-4a12-a303-d498ef2a662d,"Ayam rica nya enak, pedas dan gurih",5,2023-11-02T16:57:10.79504+07:00,,4,2023-10-19T04:59:40.151761Z,"Nasi Ayam Rica, Bubur Kacang Hijau, Nasi Oseng Ayam, Bubur Ketan Hitam",CANNED_RESPONSE_TASTE CANNED_RESPONSE_PORTION CANNED_RESPONSE_VALUE,,
e2f84f04-d925-4741-9021-c5319b219e2f,"nu masakna beger nya, asin pisan eng a. nasi gorengna masih ka emam aya pedesna. orakarik na teu ka emam, asin pisan",5,2022-01-08T07:44:53.92182+07:00,,3,2022-01-06T21:57:30.629162Z,"Nasi Goreng Ati, Nasi Oseng Ati, Orak Arik Tanpa Nasi",,,
05e3b6f4-87b2-435f-b891-92d9c242a270,"Kalau bisa makanan jangan langsung diatas sterofoamnya, bahaya untuk kesehatan",5,2020-01-28T09:55:54.786+07:00,,3,2020-01-28T02:20:33.686564Z,"Telor Dadar/Ceplok, Nasi Oseng Ayam, Nasi Oseng Ati",,,
6ce1c706-8887-48af-b82a-dc9f605f5061,baksonya kurang pedas😀,4,2020-07-18T21:06:26.537+07:00,,4,2020-07-17T14:56:39.365045Z,"Bakso Bakar Pedas, Oseng Bakso Mercon, Ayam Crispy Bakar Pedas, Es Coklat Banana (M)",,,
7fddfde6-c9bc-456f-8135-a96d1589adbc,Mantaaaaap Selalu 👍👍👍👍👍,5,2021-10-19T16:58:36.207641+07:00,"{'id': 'c2ea1a38-1311-4764-a8cb-c320de1702c2', 'text': 'trimakasih kak.....🙏🏻', 'createdAt': '2021-11-04T21:12:04.398284643+07:00', 'author': {'fullName': 'Azam Kurniawan', 'isMerchant': True}}",2,2021-10-19T07:19:47.372452Z,"Burung Puyuh Goreng, Mangut Patin (Besar)",CANNED_RESPONSE_FRESHNESS CANNED_RESPONSE_TASTE CANNED_RESPONSE_PORTION CANNED_RESPONSE_HYGIENE CANNED_RESPONSE_PACKAGING CANNED_RESPONSE_VALUE,trimakasih kak.....🙏🏻,2021-11-04T21:12:04.398284643+07:00
